<?xml version="1.0" encoding="utf-8"?>
<?xml-stylesheet href="http://www.osgi.org/www/obr2html.xsl" type="text/xsl"?>
<repository increment="1530635198739" name="Liferay Foundation - Liferay Portal - API" xmlns="http://www.osgi.org/xmlns/repository/v1.0.0">
  <resource>
    <capability namespace="osgi.identity">
      <attribute name="osgi.identity" value="com.liferay.portal.custom.jsp.bag.api"/>
      <attribute name="type" value="osgi.bundle"/>
      <attribute name="version" type="Version" value="2.0.0"/>
    </capability>
    <capability namespace="osgi.content">
      <attribute name="osgi.content" value="43ee2c7ebb10691cdba0afb3e427909a6979a607a710701c34264e4de491f0fc"/>
      <attribute name="url" value="com.liferay.portal.custom.jsp.bag.api-2.0.0.jar"/>
      <attribute name="size" type="Long" value="5458"/>
      <attribute name="mime" value="application/vnd.osgi.bundle"/>
    </capability>
    <capability namespace="osgi.wiring.bundle">
      <attribute name="osgi.wiring.bundle" value="com.liferay.portal.custom.jsp.bag.api"/>
      <attribute name="bundle-version" type="Version" value="2.0.0"/>
    </capability>
    <capability namespace="osgi.wiring.host">
      <attribute name="osgi.wiring.host" value="com.liferay.portal.custom.jsp.bag.api"/>
      <attribute name="bundle-version" type="Version" value="2.0.0"/>
    </capability>
    <capability namespace="osgi.wiring.package">
      <attribute name="osgi.wiring.package" value="com.liferay.portal.custom.jsp.bag"/>
      <attribute name="version" type="Version" value="1.0.0"/>
      <attribute name="bundle-symbolic-name" value="com.liferay.portal.custom.jsp.bag.api"/>
      <attribute name="bundle-version" type="Version" value="2.0.0"/>
      <directive name="uses" value="com.liferay.portal.deploy.hot,com.liferay.portal.kernel.url,org.osgi.framework"/>
    </capability>
    <requirement namespace="osgi.wiring.package">
      <directive name="filter" value="(&amp;(osgi.wiring.package=com.liferay.portal.deploy.hot)(version&gt;=2.0.0)(!(version&gt;=3.0.0)))"/>
    </requirement>
    <requirement namespace="osgi.wiring.package">
      <directive name="filter" value="(&amp;(osgi.wiring.package=com.liferay.portal.kernel.url)(version&gt;=1.0.0)(!(version&gt;=2.0.0)))"/>
    </requirement>
    <requirement namespace="osgi.wiring.package">
      <directive name="filter" value="(&amp;(osgi.wiring.package=org.osgi.framework)(version&gt;=1.7.0)(!(version&gt;=2.0.0)))"/>
    </requirement>
    <requirement namespace="osgi.ee">
      <directive name="filter" value="(&amp;(osgi.ee=JavaSE)(version=1.7))"/>
    </requirement>
  </resource>
  <resource>
    <capability namespace="osgi.identity">
      <attribute name="osgi.identity" value="com.liferay.portal.dao.orm.custom.sql.api"/>
      <attribute name="type" value="osgi.bundle"/>
      <attribute name="version" type="Version" value="1.0.1"/>
    </capability>
    <capability namespace="osgi.content">
      <attribute name="osgi.content" value="3308c51f62046fda5721cd42f852c8c6491df17265b42b074da3c55506ba6bdc"/>
      <attribute name="url" value="com.liferay.portal.dao.orm.custom.sql.api-1.0.1.jar"/>
      <attribute name="size" type="Long" value="3845"/>
      <attribute name="mime" value="application/vnd.osgi.bundle"/>
    </capability>
    <capability namespace="osgi.wiring.bundle">
      <attribute name="osgi.wiring.bundle" value="com.liferay.portal.dao.orm.custom.sql.api"/>
      <attribute name="bundle-version" type="Version" value="1.0.1"/>
    </capability>
    <capability namespace="osgi.wiring.host">
      <attribute name="osgi.wiring.host" value="com.liferay.portal.dao.orm.custom.sql.api"/>
      <attribute name="bundle-version" type="Version" value="1.0.1"/>
    </capability>
    <capability namespace="osgi.wiring.package">
      <attribute name="osgi.wiring.package" value="com.liferay.portal.dao.orm.custom.sql"/>
      <attribute name="version" type="Version" value="1.0.0"/>
      <attribute name="bundle-symbolic-name" value="com.liferay.portal.dao.orm.custom.sql.api"/>
      <attribute name="bundle-version" type="Version" value="1.0.1"/>
      <directive name="uses" value="com.liferay.portal.kernel.dao.orm,com.liferay.portal.kernel.util"/>
    </capability>
    <requirement namespace="osgi.wiring.package">
      <directive name="filter" value="(&amp;(osgi.wiring.package=com.liferay.portal.kernel.dao.orm)(version&gt;=7.3.0)(!(version&gt;=8.0.0)))"/>
    </requirement>
    <requirement namespace="osgi.wiring.package">
      <directive name="filter" value="(&amp;(osgi.wiring.package=com.liferay.portal.kernel.util)(version&gt;=8.0.0)(!(version&gt;=9.0.0)))"/>
    </requirement>
    <requirement namespace="osgi.ee">
      <directive name="filter" value="(&amp;(osgi.ee=JavaSE)(version=1.7))"/>
    </requirement>
  </resource>
  <resource>
    <capability namespace="osgi.identity">
      <attribute name="osgi.identity" value="com.liferay.portal.instance.lifecycle.api"/>
      <attribute name="type" value="osgi.bundle"/>
      <attribute name="version" type="Version" value="1.0.1"/>
    </capability>
    <capability namespace="osgi.content">
      <attribute name="osgi.content" value="82152cfd39e0ab65d95c0d17e794244292bb4f5c1f30b39fbd2388c8b75f7bdc"/>
      <attribute name="url" value="com.liferay.portal.instance.lifecycle.api-1.0.1.jar"/>
      <attribute name="size" type="Long" value="4494"/>
      <attribute name="mime" value="application/vnd.osgi.bundle"/>
    </capability>
    <capability namespace="osgi.wiring.bundle">
      <attribute name="osgi.wiring.bundle" value="com.liferay.portal.instance.lifecycle.api"/>
      <attribute name="bundle-version" type="Version" value="1.0.1"/>
    </capability>
    <capability namespace="osgi.wiring.host">
      <attribute name="osgi.wiring.host" value="com.liferay.portal.instance.lifecycle.api"/>
      <attribute name="bundle-version" type="Version" value="1.0.1"/>
    </capability>
    <capability namespace="osgi.wiring.package">
      <attribute name="osgi.wiring.package" value="com.liferay.portal.instance.lifecycle"/>
      <attribute name="version" type="Version" value="1.0.0"/>
      <attribute name="bundle-symbolic-name" value="com.liferay.portal.instance.lifecycle.api"/>
      <attribute name="bundle-version" type="Version" value="1.0.1"/>
      <directive name="uses" value="com.liferay.portal.kernel.model"/>
    </capability>
    <requirement namespace="osgi.wiring.package">
      <directive name="filter" value="(&amp;(osgi.wiring.package=com.liferay.portal.kernel.model)(version&gt;=2.0.0)(!(version&gt;=3.0.0)))"/>
    </requirement>
    <requirement namespace="osgi.ee">
      <directive name="filter" value="(&amp;(osgi.ee=JavaSE)(version=1.7))"/>
    </requirement>
  </resource>
  <resource>
    <capability namespace="osgi.identity">
      <attribute name="osgi.identity" value="com.liferay.portal.jmx.api"/>
      <attribute name="type" value="osgi.bundle"/>
      <attribute name="version" type="Version" value="2.0.0"/>
    </capability>
    <capability namespace="osgi.content">
      <attribute name="osgi.content" value="23cbcbdad3643584fcc9dfdd8736ae1be9ba037f4eeeff22ccb56780b750e43c"/>
      <attribute name="url" value="com.liferay.portal.jmx.api-2.0.0.jar"/>
      <attribute name="size" type="Long" value="3113"/>
      <attribute name="mime" value="application/vnd.osgi.bundle"/>
    </capability>
    <capability namespace="osgi.wiring.bundle">
      <attribute name="osgi.wiring.bundle" value="com.liferay.portal.jmx.api"/>
      <attribute name="bundle-version" type="Version" value="2.0.0"/>
    </capability>
    <capability namespace="osgi.wiring.host">
      <attribute name="osgi.wiring.host" value="com.liferay.portal.jmx.api"/>
      <attribute name="bundle-version" type="Version" value="2.0.0"/>
    </capability>
    <capability namespace="osgi.wiring.package">
      <attribute name="osgi.wiring.package" value="com.liferay.portal.jmx"/>
      <attribute name="version" type="Version" value="2.0.0"/>
      <attribute name="bundle-symbolic-name" value="com.liferay.portal.jmx.api"/>
      <attribute name="bundle-version" type="Version" value="2.0.0"/>
      <directive name="uses" value="javax.management"/>
    </capability>
    <requirement namespace="osgi.wiring.package">
      <directive name="filter" value="(osgi.wiring.package=javax.management)"/>
    </requirement>
    <requirement namespace="osgi.ee">
      <directive name="filter" value="(&amp;(osgi.ee=JavaSE)(version=1.7))"/>
    </requirement>
  </resource>
  <resource>
    <capability namespace="osgi.identity">
      <attribute name="osgi.identity" value="com.liferay.portal.output.stream.container.api"/>
      <attribute name="type" value="osgi.bundle"/>
      <attribute name="version" type="Version" value="2.0.0"/>
    </capability>
    <capability namespace="osgi.content">
      <attribute name="osgi.content" value="237b0d5dd6e55046dda60b08acb11c28e1a1d7fc4c73b883b0611e87c581022c"/>
      <attribute name="url" value="com.liferay.portal.output.stream.container.api-2.0.0.jar"/>
      <attribute name="size" type="Long" value="4356"/>
      <attribute name="mime" value="application/vnd.osgi.bundle"/>
    </capability>
    <capability namespace="osgi.wiring.bundle">
      <attribute name="osgi.wiring.bundle" value="com.liferay.portal.output.stream.container.api"/>
      <attribute name="bundle-version" type="Version" value="2.0.0"/>
    </capability>
    <capability namespace="osgi.wiring.host">
      <attribute name="osgi.wiring.host" value="com.liferay.portal.output.stream.container.api"/>
      <attribute name="bundle-version" type="Version" value="2.0.0"/>
    </capability>
    <capability namespace="osgi.wiring.package">
      <attribute name="osgi.wiring.package" value="com.liferay.portal.output.stream.container"/>
      <attribute name="version" type="Version" value="1.0.0"/>
      <attribute name="bundle-symbolic-name" value="com.liferay.portal.output.stream.container.api"/>
      <attribute name="bundle-version" type="Version" value="2.0.0"/>
    </capability>
    <requirement namespace="osgi.ee">
      <directive name="filter" value="(&amp;(osgi.ee=JavaSE)(version=1.7))"/>
    </requirement>
  </resource>
  <resource>
    <capability namespace="osgi.identity">
      <attribute name="osgi.identity" value="com.liferay.portal.spring.extender.api"/>
      <attribute name="type" value="osgi.bundle"/>
      <attribute name="version" type="Version" value="3.0.0"/>
    </capability>
    <capability namespace="osgi.content">
      <attribute name="osgi.content" value="b099ebcf8dac5b5f9c819f7125cbd0d4a7751ab5562c56bfc7e6f5db4b2191fc"/>
      <attribute name="url" value="com.liferay.portal.spring.extender.api-3.0.0.jar"/>
      <attribute name="size" type="Long" value="3562"/>
      <attribute name="mime" value="application/vnd.osgi.bundle"/>
    </capability>
    <capability namespace="osgi.wiring.bundle">
      <attribute name="osgi.wiring.bundle" value="com.liferay.portal.spring.extender.api"/>
      <attribute name="bundle-version" type="Version" value="3.0.0"/>
    </capability>
    <capability namespace="osgi.wiring.host">
      <attribute name="osgi.wiring.host" value="com.liferay.portal.spring.extender.api"/>
      <attribute name="bundle-version" type="Version" value="3.0.0"/>
    </capability>
    <capability namespace="osgi.wiring.package">
      <attribute name="osgi.wiring.package" value="com.liferay.portal.spring.extender.service"/>
      <attribute name="version" type="Version" value="1.0.5"/>
      <attribute name="bundle-symbolic-name" value="com.liferay.portal.spring.extender.api"/>
      <attribute name="bundle-version" type="Version" value="3.0.0"/>
    </capability>
    <requirement namespace="osgi.ee">
      <directive name="filter" value="(&amp;(osgi.ee=JavaSE)(version=1.7))"/>
    </requirement>
  </resource>
  <resource>
    <capability namespace="osgi.identity">
      <attribute name="osgi.identity" value="com.liferay.portal.upgrade.api"/>
      <attribute name="type" value="osgi.bundle"/>
      <attribute name="version" type="Version" value="2.0.2"/>
    </capability>
    <capability namespace="osgi.content">
      <attribute name="osgi.content" value="4b190ed33d63f3cd92cffd2498bb4bba7f27a9c5e74fe64f0e58589bb4f9da30"/>
      <attribute name="url" value="com.liferay.portal.upgrade.api-2.0.2.jar"/>
      <attribute name="size" type="Long" value="9140"/>
      <attribute name="mime" value="application/vnd.osgi.bundle"/>
    </capability>
    <capability namespace="osgi.wiring.bundle">
      <attribute name="osgi.wiring.bundle" value="com.liferay.portal.upgrade.api"/>
      <attribute name="bundle-version" type="Version" value="2.0.2"/>
    </capability>
    <capability namespace="osgi.wiring.host">
      <attribute name="osgi.wiring.host" value="com.liferay.portal.upgrade.api"/>
      <attribute name="bundle-version" type="Version" value="2.0.2"/>
    </capability>
    <capability namespace="osgi.wiring.package">
      <attribute name="osgi.wiring.package" value="com.liferay.portal.upgrade.registry"/>
      <attribute name="version" type="Version" value="2.0.0"/>
      <attribute name="bundle-symbolic-name" value="com.liferay.portal.upgrade.api"/>
      <attribute name="bundle-version" type="Version" value="2.0.2"/>
      <directive name="uses" value="com.liferay.portal.kernel.upgrade"/>
    </capability>
    <capability namespace="osgi.wiring.package">
      <attribute name="osgi.wiring.package" value="com.liferay.portal.upgrade.release"/>
      <attribute name="version" type="Version" value="1.4.0"/>
      <attribute name="bundle-symbolic-name" value="com.liferay.portal.upgrade.api"/>
      <attribute name="bundle-version" type="Version" value="2.0.2"/>
      <directive name="uses" value="com.liferay.portal.kernel.upgrade"/>
    </capability>
    <requirement namespace="osgi.wiring.package">
      <directive name="filter" value="(&amp;(osgi.wiring.package=com.liferay.portal.kernel.dao.jdbc)(version&gt;=7.1.0)(!(version&gt;=8.0.0)))"/>
    </requirement>
    <requirement namespace="osgi.wiring.package">
      <directive name="filter" value="(&amp;(osgi.wiring.package=com.liferay.portal.kernel.model.dao)(version&gt;=2.5.0)(!(version&gt;=3.0.0)))"/>
    </requirement>
    <requirement namespace="osgi.wiring.package">
      <directive name="filter" value="(&amp;(osgi.wiring.package=com.liferay.portal.kernel.upgrade)(version&gt;=7.6.0)(!(version&gt;=8.0.0)))"/>
    </requirement>
    <requirement namespace="osgi.wiring.package">
      <directive name="filter" value="(&amp;(osgi.wiring.package=com.liferay.portal.kernel.util)(version&gt;=8.0.0)(!(version&gt;=9.0.0)))"/>
    </requirement>
    <requirement namespace="osgi.ee">
      <directive name="filter" value="(&amp;(osgi.ee=JavaSE)(version=1.7))"/>
    </requirement>
  </resource>
</repository>