<?xml version="1.0" encoding="utf-8"?>
<?xml-stylesheet href="http://www.osgi.org/www/obr2html.xsl" type="text/xsl"?>
<repository increment="1530635193414" name="Liferay Web Experience - Liferay Site Navigation - API" xmlns="http://www.osgi.org/xmlns/repository/v1.0.0">
  <resource>
    <capability namespace="osgi.identity">
      <attribute name="osgi.identity" value="com.liferay.site.navigation.admin.api"/>
      <attribute name="type" value="osgi.bundle"/>
      <attribute name="version" type="Version" value="1.0.1"/>
    </capability>
    <capability namespace="osgi.content">
      <attribute name="osgi.content" value="fee38a3274b6dfeb3f8d0487c95f497d11201fb1d21a9b6d0965debba1d8ec78"/>
      <attribute name="url" value="com.liferay.site.navigation.admin.api-1.0.1.jar"/>
      <attribute name="size" type="Long" value="4067"/>
      <attribute name="mime" value="application/vnd.osgi.bundle"/>
    </capability>
    <capability namespace="osgi.wiring.bundle">
      <attribute name="osgi.wiring.bundle" value="com.liferay.site.navigation.admin.api"/>
      <attribute name="bundle-version" type="Version" value="1.0.1"/>
    </capability>
    <capability namespace="osgi.wiring.host">
      <attribute name="osgi.wiring.host" value="com.liferay.site.navigation.admin.api"/>
      <attribute name="bundle-version" type="Version" value="1.0.1"/>
    </capability>
    <capability namespace="osgi.wiring.package">
      <attribute name="osgi.wiring.package" value="com.liferay.site.navigation.admin.constants"/>
      <attribute name="version" type="Version" value="1.0.0"/>
      <attribute name="bundle-symbolic-name" value="com.liferay.site.navigation.admin.api"/>
      <attribute name="bundle-version" type="Version" value="1.0.1"/>
    </capability>
    <requirement namespace="osgi.ee">
      <directive name="filter" value="(&amp;(osgi.ee=JavaSE)(version=1.7))"/>
    </requirement>
  </resource>
  <resource>
    <capability namespace="osgi.identity">
      <attribute name="osgi.identity" value="com.liferay.site.navigation.api"/>
      <attribute name="type" value="osgi.bundle"/>
      <attribute name="version" type="Version" value="1.1.0"/>
    </capability>
    <capability namespace="osgi.content">
      <attribute name="osgi.content" value="eee814d030330eae429f222c3bbff1b65884593fe320bf0d4625c6156eba00c3"/>
      <attribute name="url" value="com.liferay.site.navigation.api-1.1.0.jar"/>
      <attribute name="size" type="Long" value="75578"/>
      <attribute name="mime" value="application/vnd.osgi.bundle"/>
    </capability>
    <capability namespace="osgi.wiring.bundle">
      <attribute name="osgi.wiring.bundle" value="com.liferay.site.navigation.api"/>
      <attribute name="bundle-version" type="Version" value="1.1.0"/>
    </capability>
    <capability namespace="osgi.wiring.host">
      <attribute name="osgi.wiring.host" value="com.liferay.site.navigation.api"/>
      <attribute name="bundle-version" type="Version" value="1.1.0"/>
    </capability>
    <capability namespace="osgi.wiring.package">
      <attribute name="osgi.wiring.package" value="com.liferay.site.navigation.constants"/>
      <attribute name="version" type="Version" value="1.1.0"/>
      <attribute name="bundle-symbolic-name" value="com.liferay.site.navigation.api"/>
      <attribute name="bundle-version" type="Version" value="1.1.0"/>
    </capability>
    <capability namespace="osgi.wiring.package">
      <attribute name="osgi.wiring.package" value="com.liferay.site.navigation.exception"/>
      <attribute name="version" type="Version" value="1.0.0"/>
      <attribute name="bundle-symbolic-name" value="com.liferay.site.navigation.api"/>
      <attribute name="bundle-version" type="Version" value="1.1.0"/>
      <directive name="uses" value="com.liferay.portal.kernel.exception"/>
    </capability>
    <capability namespace="osgi.wiring.package">
      <attribute name="osgi.wiring.package" value="com.liferay.site.navigation.model"/>
      <attribute name="version" type="Version" value="1.0.0"/>
      <attribute name="bundle-symbolic-name" value="com.liferay.site.navigation.api"/>
      <attribute name="bundle-version" type="Version" value="1.1.0"/>
      <directive name="uses" value="com.liferay.expando.kernel.model,com.liferay.exportimport.kernel.lar,com.liferay.portal.kernel.annotation,com.liferay.portal.kernel.bean,com.liferay.portal.kernel.model,com.liferay.portal.kernel.service,com.liferay.portal.kernel.util"/>
    </capability>
    <capability namespace="osgi.wiring.package">
      <attribute name="osgi.wiring.package" value="com.liferay.site.navigation.service"/>
      <attribute name="version" type="Version" value="1.0.0"/>
      <attribute name="bundle-symbolic-name" value="com.liferay.site.navigation.api"/>
      <attribute name="bundle-version" type="Version" value="1.1.0"/>
      <directive name="uses" value="com.liferay.exportimport.kernel.lar,com.liferay.portal.kernel.dao.orm,com.liferay.portal.kernel.exception,com.liferay.portal.kernel.jsonwebservice,com.liferay.portal.kernel.model,com.liferay.portal.kernel.search,com.liferay.portal.kernel.security.access.control,com.liferay.portal.kernel.service,com.liferay.portal.kernel.spring.osgi,com.liferay.portal.kernel.transaction,com.liferay.portal.kernel.util,com.liferay.site.navigation.model"/>
    </capability>
    <capability namespace="osgi.wiring.package">
      <attribute name="osgi.wiring.package" value="com.liferay.site.navigation.service.persistence"/>
      <attribute name="version" type="Version" value="1.0.0"/>
      <attribute name="bundle-symbolic-name" value="com.liferay.site.navigation.api"/>
      <attribute name="bundle-version" type="Version" value="1.1.0"/>
      <directive name="uses" value="com.liferay.portal.kernel.dao.orm,com.liferay.portal.kernel.service,com.liferay.portal.kernel.service.persistence,com.liferay.portal.kernel.util,com.liferay.site.navigation.exception,com.liferay.site.navigation.model"/>
    </capability>
    <capability namespace="osgi.wiring.package">
      <attribute name="osgi.wiring.package" value="com.liferay.site.navigation.type"/>
      <attribute name="version" type="Version" value="1.0.0"/>
      <attribute name="bundle-symbolic-name" value="com.liferay.site.navigation.api"/>
      <attribute name="bundle-version" type="Version" value="1.1.0"/>
      <directive name="uses" value="com.liferay.exportimport.kernel.lar,com.liferay.portal.kernel.exception,com.liferay.portal.kernel.model,com.liferay.portal.kernel.security.permission,com.liferay.portal.kernel.xml,com.liferay.site.navigation.model,javax.portlet,javax.servlet.http"/>
    </capability>
    <capability namespace="osgi.wiring.package">
      <attribute name="osgi.wiring.package" value="com.liferay.site.navigation.util.comparator"/>
      <attribute name="version" type="Version" value="1.0.0"/>
      <attribute name="bundle-symbolic-name" value="com.liferay.site.navigation.api"/>
      <attribute name="bundle-version" type="Version" value="1.1.0"/>
      <directive name="uses" value="com.liferay.portal.kernel.util,com.liferay.site.navigation.model"/>
    </capability>
    <requirement namespace="osgi.wiring.package">
      <directive name="filter" value="(&amp;(osgi.wiring.package=com.liferay.expando.kernel.model)(version&gt;=1.1.0)(!(version&gt;=2.0.0)))"/>
    </requirement>
    <requirement namespace="osgi.wiring.package">
      <directive name="filter" value="(&amp;(osgi.wiring.package=com.liferay.exportimport.kernel.lar)(version&gt;=1.8.0)(!(version&gt;=2.0.0)))"/>
    </requirement>
    <requirement namespace="osgi.wiring.package">
      <directive name="filter" value="(&amp;(osgi.wiring.package=com.liferay.portal.kernel.annotation)(version&gt;=6.3.0)(!(version&gt;=7.0.0)))"/>
    </requirement>
    <requirement namespace="osgi.wiring.package">
      <directive name="filter" value="(&amp;(osgi.wiring.package=com.liferay.portal.kernel.bean)(version&gt;=7.1.0)(!(version&gt;=8.0.0)))"/>
    </requirement>
    <requirement namespace="osgi.wiring.package">
      <directive name="filter" value="(&amp;(osgi.wiring.package=com.liferay.portal.kernel.dao.orm)(version&gt;=7.3.0)(!(version&gt;=8.0.0)))"/>
    </requirement>
    <requirement namespace="osgi.wiring.package">
      <directive name="filter" value="(&amp;(osgi.wiring.package=com.liferay.portal.kernel.exception)(version&gt;=7.2.0)(!(version&gt;=8.0.0)))"/>
    </requirement>
    <requirement namespace="osgi.wiring.package">
      <directive name="filter" value="(&amp;(osgi.wiring.package=com.liferay.portal.kernel.jsonwebservice)(version&gt;=7.0.0)(!(version&gt;=8.0.0)))"/>
    </requirement>
    <requirement namespace="osgi.wiring.package">
      <directive name="filter" value="(&amp;(osgi.wiring.package=com.liferay.portal.kernel.language)(version&gt;=7.2.0)(!(version&gt;=8.0.0)))"/>
    </requirement>
    <requirement namespace="osgi.wiring.package">
      <directive name="filter" value="(&amp;(osgi.wiring.package=com.liferay.portal.kernel.model)(version&gt;=2.0.0)(!(version&gt;=2.1.0)))"/>
    </requirement>
    <requirement namespace="osgi.wiring.package">
      <directive name="filter" value="(&amp;(osgi.wiring.package=com.liferay.portal.kernel.search)(version&gt;=7.6.0)(!(version&gt;=8.0.0)))"/>
    </requirement>
    <requirement namespace="osgi.wiring.package">
      <directive name="filter" value="(&amp;(osgi.wiring.package=com.liferay.portal.kernel.security.access.control)(version&gt;=1.0.0)(!(version&gt;=2.0.0)))"/>
    </requirement>
    <requirement namespace="osgi.wiring.package">
      <directive name="filter" value="(&amp;(osgi.wiring.package=com.liferay.portal.kernel.security.permission)(version&gt;=1.7.0)(!(version&gt;=2.0.0)))"/>
    </requirement>
    <requirement namespace="osgi.wiring.package">
      <directive name="filter" value="(&amp;(osgi.wiring.package=com.liferay.portal.kernel.service)(version&gt;=1.27.0)(!(version&gt;=2.0.0)))"/>
    </requirement>
    <requirement namespace="osgi.wiring.package">
      <directive name="filter" value="(&amp;(osgi.wiring.package=com.liferay.portal.kernel.service.persistence)(version&gt;=1.16.0)(!(version&gt;=2.0.0)))"/>
    </requirement>
    <requirement namespace="osgi.wiring.package">
      <directive name="filter" value="(&amp;(osgi.wiring.package=com.liferay.portal.kernel.spring.osgi)(version&gt;=1.1.0)(!(version&gt;=2.0.0)))"/>
    </requirement>
    <requirement namespace="osgi.wiring.package">
      <directive name="filter" value="(&amp;(osgi.wiring.package=com.liferay.portal.kernel.transaction)(version&gt;=7.1.0)(!(version&gt;=8.0.0)))"/>
    </requirement>
    <requirement namespace="osgi.wiring.package">
      <directive name="filter" value="(&amp;(osgi.wiring.package=com.liferay.portal.kernel.util)(version&gt;=8.0.0)(!(version&gt;=9.0.0)))"/>
    </requirement>
    <requirement namespace="osgi.wiring.package">
      <directive name="filter" value="(&amp;(osgi.wiring.package=com.liferay.portal.kernel.xml)(version&gt;=7.0.0)(!(version&gt;=8.0.0)))"/>
    </requirement>
    <requirement namespace="osgi.wiring.package">
      <directive name="filter" value="(&amp;(osgi.wiring.package=com.liferay.site.navigation.exception)(version&gt;=1.0.0)(!(version&gt;=2.0.0)))"/>
    </requirement>
    <requirement namespace="osgi.wiring.package">
      <directive name="filter" value="(&amp;(osgi.wiring.package=com.liferay.site.navigation.model)(version&gt;=1.0.0)(!(version&gt;=1.1.0)))"/>
    </requirement>
    <requirement namespace="osgi.wiring.package">
      <directive name="filter" value="(osgi.wiring.package=javax.portlet)"/>
    </requirement>
    <requirement namespace="osgi.wiring.package">
      <directive name="filter" value="(&amp;(osgi.wiring.package=javax.servlet.http)(version&gt;=3.0.0)(!(version&gt;=4.0.0)))"/>
    </requirement>
    <requirement namespace="osgi.wiring.package">
      <directive name="filter" value="(&amp;(osgi.wiring.package=org.osgi.framework)(version&gt;=1.7.0)(!(version&gt;=2.0.0)))"/>
    </requirement>
    <requirement namespace="osgi.wiring.package">
      <directive name="filter" value="(&amp;(osgi.wiring.package=org.osgi.util.tracker)(version&gt;=1.5.0)(!(version&gt;=2.0.0)))"/>
    </requirement>
    <requirement namespace="osgi.contract">
      <attribute name="osgi.contract" value="JavaPortlet"/>
      <directive name="filter" value="(&amp;(osgi.contract=JavaPortlet)(version=3.0.0))"/>
    </requirement>
    <requirement namespace="osgi.ee">
      <directive name="filter" value="(&amp;(osgi.ee=JavaSE)(version=1.8))"/>
    </requirement>
  </resource>
  <resource>
    <capability namespace="osgi.identity">
      <attribute name="osgi.identity" value="com.liferay.site.navigation.item.selector.api"/>
      <attribute name="type" value="osgi.bundle"/>
      <attribute name="version" type="Version" value="1.0.1"/>
    </capability>
    <capability namespace="osgi.content">
      <attribute name="osgi.content" value="253dbc367653ec4a0c97e6124341e2aea0be8f6f1d23cd029ba0967ec589c84f"/>
      <attribute name="url" value="com.liferay.site.navigation.item.selector.api-1.0.1.jar"/>
      <attribute name="size" type="Long" value="4819"/>
      <attribute name="mime" value="application/vnd.osgi.bundle"/>
    </capability>
    <capability namespace="osgi.wiring.bundle">
      <attribute name="osgi.wiring.bundle" value="com.liferay.site.navigation.item.selector.api"/>
      <attribute name="bundle-version" type="Version" value="1.0.1"/>
    </capability>
    <capability namespace="osgi.wiring.host">
      <attribute name="osgi.wiring.host" value="com.liferay.site.navigation.item.selector.api"/>
      <attribute name="bundle-version" type="Version" value="1.0.1"/>
    </capability>
    <capability namespace="osgi.wiring.package">
      <attribute name="osgi.wiring.package" value="com.liferay.site.navigation.item.selector.criterion"/>
      <attribute name="version" type="Version" value="1.0.0"/>
      <attribute name="bundle-symbolic-name" value="com.liferay.site.navigation.item.selector.api"/>
      <attribute name="bundle-version" type="Version" value="1.0.1"/>
      <directive name="uses" value="com.liferay.item.selector"/>
    </capability>
    <requirement namespace="osgi.wiring.package">
      <directive name="filter" value="(&amp;(osgi.wiring.package=com.liferay.item.selector)(version&gt;=2.0.0)(!(version&gt;=3.0.0)))"/>
    </requirement>
    <requirement namespace="osgi.ee">
      <directive name="filter" value="(&amp;(osgi.ee=JavaSE)(version=1.7))"/>
    </requirement>
  </resource>
  <resource>
    <capability namespace="osgi.identity">
      <attribute name="osgi.identity" value="com.liferay.site.navigation.language.api"/>
      <attribute name="type" value="osgi.bundle"/>
      <attribute name="version" type="Version" value="2.0.0"/>
    </capability>
    <capability namespace="osgi.content">
      <attribute name="osgi.content" value="bf357f58420e92d1371df2fcddb8077980aa02b836f881dc8ae62dcd889dcf20"/>
      <attribute name="url" value="com.liferay.site.navigation.language.api-2.0.0.jar"/>
      <attribute name="size" type="Long" value="4102"/>
      <attribute name="mime" value="application/vnd.osgi.bundle"/>
    </capability>
    <capability namespace="osgi.wiring.bundle">
      <attribute name="osgi.wiring.bundle" value="com.liferay.site.navigation.language.api"/>
      <attribute name="bundle-version" type="Version" value="2.0.0"/>
    </capability>
    <capability namespace="osgi.wiring.host">
      <attribute name="osgi.wiring.host" value="com.liferay.site.navigation.language.api"/>
      <attribute name="bundle-version" type="Version" value="2.0.0"/>
    </capability>
    <capability namespace="osgi.wiring.package">
      <attribute name="osgi.wiring.package" value="com.liferay.site.navigation.language.constants"/>
      <attribute name="version" type="Version" value="1.0.0"/>
      <attribute name="bundle-symbolic-name" value="com.liferay.site.navigation.language.api"/>
      <attribute name="bundle-version" type="Version" value="2.0.0"/>
    </capability>
    <requirement namespace="osgi.ee">
      <directive name="filter" value="(&amp;(osgi.ee=JavaSE)(version=1.7))"/>
    </requirement>
  </resource>
  <resource>
    <capability namespace="osgi.identity">
      <attribute name="osgi.identity" value="com.liferay.site.navigation.taglib"/>
      <attribute name="type" value="osgi.bundle"/>
      <attribute name="version" type="Version" value="3.0.1"/>
    </capability>
    <capability namespace="osgi.content">
      <attribute name="osgi.content" value="5f5bc70e69f9e6ad9a6a6b91b8c366682f86019510c42bc3f6601d52f51e5965"/>
      <attribute name="url" value="com.liferay.site.navigation.taglib-3.0.1.jar"/>
      <attribute name="size" type="Long" value="22998"/>
      <attribute name="mime" value="application/vnd.osgi.bundle"/>
    </capability>
    <capability namespace="osgi.wiring.bundle">
      <attribute name="osgi.wiring.bundle" value="com.liferay.site.navigation.taglib"/>
      <attribute name="bundle-version" type="Version" value="3.0.1"/>
    </capability>
    <capability namespace="osgi.wiring.host">
      <attribute name="osgi.wiring.host" value="com.liferay.site.navigation.taglib"/>
      <attribute name="bundle-version" type="Version" value="3.0.1"/>
    </capability>
    <capability namespace="osgi.wiring.package">
      <attribute name="osgi.wiring.package" value="com.liferay.site.navigation.taglib.servlet.taglib"/>
      <attribute name="version" type="Version" value="1.2.0"/>
      <attribute name="bundle-symbolic-name" value="com.liferay.site.navigation.taglib"/>
      <attribute name="bundle-version" type="Version" value="3.0.1"/>
      <directive name="uses" value="com.liferay.portal.kernel.exception,com.liferay.portal.kernel.theme,com.liferay.taglib.util,javax.servlet.http,javax.servlet.jsp"/>
    </capability>
    <capability namespace="osgi.extender">
      <attribute name="osgi.extender" value="jsp.taglib"/>
      <attribute name="uri" value="http://liferay.com/tld/site-navigation"/>
      <attribute name="version" type="Version" value="3.0.1"/>
    </capability>
    <requirement namespace="osgi.wiring.package">
      <directive name="filter" value="(&amp;(osgi.wiring.package=com.liferay.dynamic.data.mapping.model)(version&gt;=1.6.0)(!(version&gt;=2.0.0)))"/>
    </requirement>
    <requirement namespace="osgi.wiring.package">
      <directive name="filter" value="(&amp;(osgi.wiring.package=com.liferay.portal.kernel.exception)(version&gt;=7.2.0)(!(version&gt;=8.0.0)))"/>
    </requirement>
    <requirement namespace="osgi.wiring.package">
      <directive name="filter" value="(&amp;(osgi.wiring.package=com.liferay.portal.kernel.log)(version&gt;=7.0.0)(!(version&gt;=8.0.0)))"/>
    </requirement>
    <requirement namespace="osgi.wiring.package">
      <directive name="filter" value="(&amp;(osgi.wiring.package=com.liferay.portal.kernel.model)(version&gt;=2.0.0)(!(version&gt;=3.0.0)))"/>
    </requirement>
    <requirement namespace="osgi.wiring.package">
      <directive name="filter" value="(&amp;(osgi.wiring.package=com.liferay.portal.kernel.module.framework)(version&gt;=1.2.0)(!(version&gt;=2.0.0)))"/>
    </requirement>
    <requirement namespace="osgi.wiring.package">
      <directive name="filter" value="(&amp;(osgi.wiring.package=com.liferay.portal.kernel.portletdisplaytemplate)(version&gt;=6.4.0)(!(version&gt;=7.0.0)))"/>
    </requirement>
    <requirement namespace="osgi.wiring.package">
      <directive name="filter" value="(&amp;(osgi.wiring.package=com.liferay.portal.kernel.security.permission)(version&gt;=1.7.0)(!(version&gt;=2.0.0)))"/>
    </requirement>
    <requirement namespace="osgi.wiring.package">
      <directive name="filter" value="(&amp;(osgi.wiring.package=com.liferay.portal.kernel.service)(version&gt;=1.27.0)(!(version&gt;=2.0.0)))"/>
    </requirement>
    <requirement namespace="osgi.wiring.package">
      <directive name="filter" value="(&amp;(osgi.wiring.package=com.liferay.portal.kernel.theme)(version&gt;=1.6.0)(!(version&gt;=2.0.0)))"/>
    </requirement>
    <requirement namespace="osgi.wiring.package">
      <directive name="filter" value="(&amp;(osgi.wiring.package=com.liferay.portal.kernel.util)(version&gt;=8.0.0)(!(version&gt;=9.0.0)))"/>
    </requirement>
    <requirement namespace="osgi.wiring.package">
      <directive name="filter" value="(&amp;(osgi.wiring.package=com.liferay.portlet.display.template)(version&gt;=1.0.0)(!(version&gt;=2.0.0)))"/>
    </requirement>
    <requirement namespace="osgi.wiring.package">
      <directive name="filter" value="(&amp;(osgi.wiring.package=com.liferay.site.navigation.model)(version&gt;=1.0.0)(!(version&gt;=2.0.0)))"/>
    </requirement>
    <requirement namespace="osgi.wiring.package">
      <directive name="filter" value="(&amp;(osgi.wiring.package=com.liferay.site.navigation.service)(version&gt;=1.0.0)(!(version&gt;=2.0.0)))"/>
    </requirement>
    <requirement namespace="osgi.wiring.package">
      <directive name="filter" value="(&amp;(osgi.wiring.package=com.liferay.site.navigation.type)(version&gt;=1.0.0)(!(version&gt;=2.0.0)))"/>
    </requirement>
    <requirement namespace="osgi.wiring.package">
      <directive name="filter" value="(&amp;(osgi.wiring.package=com.liferay.taglib.util)(version&gt;=7.4.0)(!(version&gt;=8.0.0)))"/>
    </requirement>
    <requirement namespace="osgi.wiring.package">
      <directive name="filter" value="(&amp;(osgi.wiring.package=javax.servlet)(version&gt;=3.0.0)(!(version&gt;=4.0.0)))"/>
    </requirement>
    <requirement namespace="osgi.wiring.package">
      <directive name="filter" value="(&amp;(osgi.wiring.package=javax.servlet.http)(version&gt;=3.0.0)(!(version&gt;=4.0.0)))"/>
    </requirement>
    <requirement namespace="osgi.wiring.package">
      <directive name="filter" value="(&amp;(osgi.wiring.package=javax.servlet.jsp)(version&gt;=2.3.0)(!(version&gt;=3.0.0)))"/>
    </requirement>
    <requirement namespace="osgi.extender">
      <directive name="filter" value="(&amp;(osgi.extender=osgi.component)(version&gt;=1.3.0)(!(version&gt;=2.0.0)))"/>
    </requirement>
    <requirement namespace="osgi.service">
      <directive name="filter" value="(objectClass=com.liferay.portal.kernel.module.framework.ModuleServiceLifecycle)"/>
      <directive name="effective" value="active"/>
    </requirement>
    <requirement namespace="osgi.service">
      <directive name="filter" value="(objectClass=com.liferay.portal.kernel.util.Portal)"/>
      <directive name="effective" value="active"/>
    </requirement>
    <requirement namespace="osgi.service">
      <directive name="filter" value="(objectClass=com.liferay.portlet.display.template.PortletDisplayTemplate)"/>
      <directive name="effective" value="active"/>
    </requirement>
    <requirement namespace="osgi.service">
      <directive name="filter" value="(objectClass=com.liferay.site.navigation.type.SiteNavigationMenuItemTypeRegistry)"/>
      <directive name="effective" value="active"/>
    </requirement>
    <requirement namespace="osgi.service">
      <directive name="filter" value="(objectClass=javax.servlet.ServletContext)"/>
      <directive name="effective" value="active"/>
    </requirement>
    <requirement namespace="osgi.ee">
      <directive name="filter" value="(&amp;(osgi.ee=JavaSE)(version=1.7))"/>
    </requirement>
    <requirement namespace="osgi.service">
      <directive name="filter" value="(objectClass=com.liferay.portlet.display.template.PortletDisplayTemplate)"/>
      <directive name="effective" value="active"/>
    </requirement>
    <requirement namespace="osgi.service">
      <directive name="filter" value="(objectClass=com.liferay.portal.kernel.module.framework.ModuleServiceLifecycle)"/>
      <directive name="effective" value="active"/>
    </requirement>
    <requirement namespace="osgi.service">
      <directive name="filter" value="(objectClass=com.liferay.portal.kernel.util.Portal)"/>
      <directive name="effective" value="active"/>
    </requirement>
    <requirement namespace="osgi.service">
      <directive name="filter" value="(objectClass=javax.servlet.ServletContext)"/>
      <directive name="effective" value="active"/>
    </requirement>
    <requirement namespace="osgi.service">
      <directive name="filter" value="(objectClass=com.liferay.site.navigation.type.SiteNavigationMenuItemTypeRegistry)"/>
      <directive name="effective" value="active"/>
    </requirement>
    <requirement namespace="osgi.extender">
      <directive name="filter" value="(&amp;(osgi.extender=osgi.component)(version&gt;=1.3.0)(!(version&gt;=2.0.0)))"/>
      <directive name="effective" value="active"/>
    </requirement>
  </resource>
</repository>