<?xml version="1.0" encoding="utf-8"?>
<?xml-stylesheet href="http://www.osgi.org/www/obr2html.xsl" type="text/xsl"?>
<repository increment="1530635195549" name="Liferay Collaboration - Liferay Item Selector - Impl" xmlns="http://www.osgi.org/xmlns/repository/v1.0.0">
  <resource>
    <capability namespace="osgi.identity">
      <attribute name="osgi.identity" value="com.liferay.item.selector.criteria.impl"/>
      <attribute name="type" value="osgi.bundle"/>
      <attribute name="version" type="Version" value="1.0.1"/>
    </capability>
    <capability namespace="osgi.content">
      <attribute name="osgi.content" value="4d0e39b77859934e92e650f0027af0300bdaffeaab6dd17601924971a8cde8ad"/>
      <attribute name="url" value="com.liferay.item.selector.criteria.impl-1.0.1.jar"/>
      <attribute name="size" type="Long" value="12826"/>
      <attribute name="mime" value="application/vnd.osgi.bundle"/>
    </capability>
    <capability namespace="osgi.wiring.bundle">
      <attribute name="osgi.wiring.bundle" value="com.liferay.item.selector.criteria.impl"/>
      <attribute name="bundle-version" type="Version" value="1.0.1"/>
    </capability>
    <capability namespace="osgi.wiring.host">
      <attribute name="osgi.wiring.host" value="com.liferay.item.selector.criteria.impl"/>
      <attribute name="bundle-version" type="Version" value="1.0.1"/>
    </capability>
    <capability namespace="osgi.service">
      <attribute name="objectClass" type="List&lt;String&gt;" value="com.liferay.item.selector.ItemSelectorCriterionHandler"/>
    </capability>
    <capability namespace="osgi.service">
      <attribute name="objectClass" type="List&lt;String&gt;" value="com.liferay.item.selector.ItemSelectorCriterionHandler"/>
      <directive name="uses" value="com.liferay.item.selector"/>
    </capability>
    <capability namespace="osgi.service">
      <attribute name="objectClass" type="List&lt;String&gt;" value="com.liferay.item.selector.ItemSelectorCriterionHandler"/>
      <directive name="uses" value="com.liferay.item.selector"/>
    </capability>
    <capability namespace="osgi.service">
      <attribute name="objectClass" type="List&lt;String&gt;" value="com.liferay.item.selector.ItemSelectorCriterionHandler"/>
      <directive name="uses" value="com.liferay.item.selector"/>
    </capability>
    <capability namespace="osgi.service">
      <attribute name="objectClass" type="List&lt;String&gt;" value="com.liferay.item.selector.ItemSelectorCriterionHandler"/>
      <directive name="uses" value="com.liferay.item.selector"/>
    </capability>
    <capability namespace="osgi.service">
      <attribute name="objectClass" type="List&lt;String&gt;" value="com.liferay.item.selector.ItemSelectorCriterionHandler"/>
      <directive name="uses" value="com.liferay.item.selector"/>
    </capability>
    <capability namespace="osgi.service">
      <attribute name="objectClass" type="List&lt;String&gt;" value="com.liferay.item.selector.ItemSelectorCriterionHandler"/>
      <directive name="uses" value="com.liferay.item.selector"/>
    </capability>
    <requirement namespace="osgi.wiring.package">
      <directive name="filter" value="(&amp;(osgi.wiring.package=com.liferay.item.selector)(version&gt;=2.0.0)(!(version&gt;=3.0.0)))"/>
    </requirement>
    <requirement namespace="osgi.wiring.package">
      <directive name="filter" value="(&amp;(osgi.wiring.package=com.liferay.item.selector.criteria.audio.criterion)(version&gt;=1.0.0)(!(version&gt;=2.0.0)))"/>
    </requirement>
    <requirement namespace="osgi.wiring.package">
      <directive name="filter" value="(&amp;(osgi.wiring.package=com.liferay.item.selector.criteria.file.criterion)(version&gt;=1.0.0)(!(version&gt;=2.0.0)))"/>
    </requirement>
    <requirement namespace="osgi.wiring.package">
      <directive name="filter" value="(&amp;(osgi.wiring.package=com.liferay.item.selector.criteria.image.criterion)(version&gt;=1.0.0)(!(version&gt;=2.0.0)))"/>
    </requirement>
    <requirement namespace="osgi.wiring.package">
      <directive name="filter" value="(&amp;(osgi.wiring.package=com.liferay.item.selector.criteria.upload.criterion)(version&gt;=1.3.0)(!(version&gt;=2.0.0)))"/>
    </requirement>
    <requirement namespace="osgi.wiring.package">
      <directive name="filter" value="(&amp;(osgi.wiring.package=com.liferay.item.selector.criteria.url.criterion)(version&gt;=1.0.0)(!(version&gt;=2.0.0)))"/>
    </requirement>
    <requirement namespace="osgi.wiring.package">
      <directive name="filter" value="(&amp;(osgi.wiring.package=com.liferay.item.selector.criteria.video.criterion)(version&gt;=1.0.0)(!(version&gt;=2.0.0)))"/>
    </requirement>
    <requirement namespace="osgi.wiring.package">
      <directive name="filter" value="(&amp;(osgi.wiring.package=org.osgi.framework)(version&gt;=1.7.0)(!(version&gt;=2.0.0)))"/>
    </requirement>
    <requirement namespace="osgi.extender">
      <directive name="filter" value="(&amp;(osgi.extender=osgi.component)(version&gt;=1.3.0)(!(version&gt;=2.0.0)))"/>
    </requirement>
    <requirement namespace="osgi.ee">
      <directive name="filter" value="(&amp;(osgi.ee=JavaSE)(version=1.7))"/>
    </requirement>
    <requirement namespace="osgi.extender">
      <directive name="filter" value="(&amp;(osgi.extender=osgi.component)(version&gt;=1.3.0)(!(version&gt;=2.0.0)))"/>
      <directive name="effective" value="active"/>
    </requirement>
  </resource>
  <resource>
    <capability namespace="osgi.identity">
      <attribute name="osgi.identity" value="com.liferay.item.selector.editor.configuration"/>
      <attribute name="type" value="osgi.bundle"/>
      <attribute name="version" type="Version" value="3.0.0"/>
    </capability>
    <capability namespace="osgi.content">
      <attribute name="osgi.content" value="991bb577937ae4d839ed9b2b2061fb043e1e7361c9a4d8b5f7b2a83011ab2c15"/>
      <attribute name="url" value="com.liferay.item.selector.editor.configuration-3.0.0.jar"/>
      <attribute name="size" type="Long" value="14308"/>
      <attribute name="mime" value="application/vnd.osgi.bundle"/>
    </capability>
    <capability namespace="osgi.wiring.bundle">
      <attribute name="osgi.wiring.bundle" value="com.liferay.item.selector.editor.configuration"/>
      <attribute name="bundle-version" type="Version" value="3.0.0"/>
    </capability>
    <capability namespace="osgi.wiring.host">
      <attribute name="osgi.wiring.host" value="com.liferay.item.selector.editor.configuration"/>
      <attribute name="bundle-version" type="Version" value="3.0.0"/>
    </capability>
    <capability namespace="osgi.service">
      <attribute name="objectClass" type="List&lt;String&gt;" value="com.liferay.portal.kernel.editor.configuration.EditorConfigContributor"/>
    </capability>
    <capability namespace="osgi.service">
      <attribute name="objectClass" type="List&lt;String&gt;" value="com.liferay.portal.kernel.editor.configuration.EditorConfigContributor"/>
      <directive name="uses" value="com.liferay.portal.kernel.editor.configuration"/>
    </capability>
    <capability namespace="osgi.service">
      <attribute name="objectClass" type="List&lt;String&gt;" value="com.liferay.portal.kernel.editor.configuration.EditorConfigContributor"/>
      <directive name="uses" value="com.liferay.portal.kernel.editor.configuration"/>
    </capability>
    <capability namespace="osgi.service">
      <attribute name="objectClass" type="List&lt;String&gt;" value="com.liferay.portal.kernel.editor.configuration.EditorConfigContributor"/>
      <directive name="uses" value="com.liferay.portal.kernel.editor.configuration"/>
    </capability>
    <capability namespace="osgi.service">
      <attribute name="objectClass" type="List&lt;String&gt;" value="com.liferay.portal.kernel.editor.configuration.EditorConfigContributor"/>
      <directive name="uses" value="com.liferay.portal.kernel.editor.configuration"/>
    </capability>
    <requirement namespace="osgi.wiring.package">
      <directive name="filter" value="(&amp;(osgi.wiring.package=com.liferay.item.selector)(version&gt;=2.0.0)(!(version&gt;=3.0.0)))"/>
    </requirement>
    <requirement namespace="osgi.wiring.package">
      <directive name="filter" value="(&amp;(osgi.wiring.package=com.liferay.item.selector.criteria)(version&gt;=1.0.0)(!(version&gt;=2.0.0)))"/>
    </requirement>
    <requirement namespace="osgi.wiring.package">
      <directive name="filter" value="(&amp;(osgi.wiring.package=com.liferay.item.selector.criteria.audio.criterion)(version&gt;=1.0.0)(!(version&gt;=2.0.0)))"/>
    </requirement>
    <requirement namespace="osgi.wiring.package">
      <directive name="filter" value="(&amp;(osgi.wiring.package=com.liferay.item.selector.criteria.file.criterion)(version&gt;=1.0.0)(!(version&gt;=2.0.0)))"/>
    </requirement>
    <requirement namespace="osgi.wiring.package">
      <directive name="filter" value="(&amp;(osgi.wiring.package=com.liferay.item.selector.criteria.image.criterion)(version&gt;=1.0.0)(!(version&gt;=2.0.0)))"/>
    </requirement>
    <requirement namespace="osgi.wiring.package">
      <directive name="filter" value="(&amp;(osgi.wiring.package=com.liferay.item.selector.criteria.url.criterion)(version&gt;=1.0.0)(!(version&gt;=2.0.0)))"/>
    </requirement>
    <requirement namespace="osgi.wiring.package">
      <directive name="filter" value="(&amp;(osgi.wiring.package=com.liferay.item.selector.criteria.video.criterion)(version&gt;=1.0.0)(!(version&gt;=2.0.0)))"/>
    </requirement>
    <requirement namespace="osgi.wiring.package">
      <directive name="filter" value="(&amp;(osgi.wiring.package=com.liferay.layout.item.selector.criterion)(version&gt;=1.1.0)(!(version&gt;=2.0.0)))"/>
    </requirement>
    <requirement namespace="osgi.wiring.package">
      <directive name="filter" value="(&amp;(osgi.wiring.package=com.liferay.portal.kernel.editor.configuration)(version&gt;=1.1.0)(!(version&gt;=2.0.0)))"/>
    </requirement>
    <requirement namespace="osgi.wiring.package">
      <directive name="filter" value="(&amp;(osgi.wiring.package=com.liferay.portal.kernel.json)(version&gt;=7.0.0)(!(version&gt;=8.0.0)))"/>
    </requirement>
    <requirement namespace="osgi.wiring.package">
      <directive name="filter" value="(&amp;(osgi.wiring.package=com.liferay.portal.kernel.portlet)(version&gt;=8.0.0)(!(version&gt;=9.0.0)))"/>
    </requirement>
    <requirement namespace="osgi.wiring.package">
      <directive name="filter" value="(&amp;(osgi.wiring.package=com.liferay.portal.kernel.theme)(version&gt;=1.6.0)(!(version&gt;=2.0.0)))"/>
    </requirement>
    <requirement namespace="osgi.wiring.package">
      <directive name="filter" value="(&amp;(osgi.wiring.package=com.liferay.portal.kernel.util)(version&gt;=8.0.0)(!(version&gt;=9.0.0)))"/>
    </requirement>
    <requirement namespace="osgi.wiring.package">
      <directive name="filter" value="(&amp;(osgi.wiring.package=com.liferay.portal.kernel.xuggler)(version&gt;=7.0.0)(!(version&gt;=8.0.0)))"/>
    </requirement>
    <requirement namespace="osgi.wiring.package">
      <directive name="filter" value="(osgi.wiring.package=javax.portlet)"/>
    </requirement>
    <requirement namespace="osgi.extender">
      <directive name="filter" value="(&amp;(osgi.extender=osgi.component)(version&gt;=1.3.0)(!(version&gt;=2.0.0)))"/>
    </requirement>
    <requirement namespace="osgi.service">
      <directive name="filter" value="(objectClass=com.liferay.item.selector.ItemSelector)"/>
      <directive name="effective" value="active"/>
    </requirement>
    <requirement namespace="osgi.contract">
      <attribute name="osgi.contract" value="JavaPortlet"/>
      <directive name="filter" value="(&amp;(osgi.contract=JavaPortlet)(version=3.0.0))"/>
    </requirement>
    <requirement namespace="osgi.ee">
      <directive name="filter" value="(&amp;(osgi.ee=JavaSE)(version=1.7))"/>
    </requirement>
    <requirement namespace="osgi.service">
      <directive name="filter" value="(objectClass=com.liferay.item.selector.ItemSelector)"/>
      <directive name="effective" value="active"/>
    </requirement>
    <requirement namespace="osgi.service">
      <directive name="filter" value="(objectClass=com.liferay.item.selector.ItemSelector)"/>
      <directive name="effective" value="active"/>
    </requirement>
    <requirement namespace="osgi.service">
      <directive name="filter" value="(objectClass=com.liferay.item.selector.ItemSelector)"/>
      <directive name="effective" value="active"/>
    </requirement>
    <requirement namespace="osgi.service">
      <directive name="filter" value="(objectClass=com.liferay.item.selector.ItemSelector)"/>
      <directive name="effective" value="active"/>
    </requirement>
    <requirement namespace="osgi.extender">
      <directive name="filter" value="(&amp;(osgi.extender=osgi.component)(version&gt;=1.3.0)(!(version&gt;=2.0.0)))"/>
      <directive name="effective" value="active"/>
    </requirement>
  </resource>
  <resource>
    <capability namespace="osgi.identity">
      <attribute name="osgi.identity" value="com.liferay.item.selector.impl"/>
      <attribute name="type" value="osgi.bundle"/>
      <attribute name="version" type="Version" value="1.0.1"/>
    </capability>
    <capability namespace="osgi.content">
      <attribute name="osgi.content" value="0117127ae043f2fb53d952b7a56ec414538b6ddd150ce6769862adced9add380"/>
      <attribute name="url" value="com.liferay.item.selector.impl-1.0.1.jar"/>
      <attribute name="size" type="Long" value="12602"/>
      <attribute name="mime" value="application/vnd.osgi.bundle"/>
    </capability>
    <capability namespace="osgi.wiring.bundle">
      <attribute name="osgi.wiring.bundle" value="com.liferay.item.selector.impl"/>
      <attribute name="bundle-version" type="Version" value="1.0.1"/>
    </capability>
    <capability namespace="osgi.wiring.host">
      <attribute name="osgi.wiring.host" value="com.liferay.item.selector.impl"/>
      <attribute name="bundle-version" type="Version" value="1.0.1"/>
    </capability>
    <capability namespace="osgi.service">
      <attribute name="objectClass" type="List&lt;String&gt;" value="com.liferay.item.selector.ItemSelectorReturnTypeResolverHandler"/>
    </capability>
    <capability namespace="osgi.service">
      <attribute name="objectClass" type="List&lt;String&gt;" value="com.liferay.item.selector.ItemSelectorViewReturnTypeProviderHandler"/>
    </capability>
    <capability namespace="osgi.service">
      <attribute name="objectClass" type="List&lt;String&gt;" value="com.liferay.item.selector.ItemSelectorReturnTypeResolverHandler"/>
      <directive name="uses" value="com.liferay.item.selector"/>
    </capability>
    <capability namespace="osgi.service">
      <attribute name="objectClass" type="List&lt;String&gt;" value="com.liferay.item.selector.ItemSelectorViewReturnTypeProviderHandler"/>
      <directive name="uses" value="com.liferay.item.selector"/>
    </capability>
    <requirement namespace="osgi.wiring.package">
      <directive name="filter" value="(&amp;(osgi.wiring.package=com.liferay.item.selector)(version&gt;=2.0.0)(!(version&gt;=3.0.0)))"/>
    </requirement>
    <requirement namespace="osgi.wiring.package">
      <directive name="filter" value="(&amp;(osgi.wiring.package=com.liferay.osgi.service.tracker.collections.map)(version&gt;=2.0.0)(!(version&gt;=3.0.0)))"/>
    </requirement>
    <requirement namespace="osgi.wiring.package">
      <directive name="filter" value="(&amp;(osgi.wiring.package=com.liferay.osgi.util)(version&gt;=2.1.0)(!(version&gt;=3.0.0)))"/>
    </requirement>
    <requirement namespace="osgi.wiring.package">
      <directive name="filter" value="(&amp;(osgi.wiring.package=com.liferay.portal.kernel.util)(version&gt;=8.0.0)(!(version&gt;=9.0.0)))"/>
    </requirement>
    <requirement namespace="osgi.wiring.package">
      <directive name="filter" value="(&amp;(osgi.wiring.package=org.osgi.framework)(version&gt;=1.8.0)(!(version&gt;=2.0.0)))"/>
    </requirement>
    <requirement namespace="osgi.wiring.package">
      <directive name="filter" value="(&amp;(osgi.wiring.package=org.osgi.util.tracker)(version&gt;=1.5.0)(!(version&gt;=2.0.0)))"/>
    </requirement>
    <requirement namespace="osgi.extender">
      <directive name="filter" value="(&amp;(osgi.extender=osgi.component)(version&gt;=1.3.0)(!(version&gt;=2.0.0)))"/>
    </requirement>
    <requirement namespace="osgi.service">
      <directive name="filter" value="(objectClass=com.liferay.item.selector.ItemSelectorViewReturnTypeProviderHandler)"/>
      <directive name="effective" value="active"/>
    </requirement>
    <requirement namespace="osgi.ee">
      <directive name="filter" value="(&amp;(osgi.ee=JavaSE)(version=1.8))"/>
    </requirement>
    <requirement namespace="osgi.service">
      <directive name="filter" value="(objectClass=com.liferay.item.selector.ItemSelectorViewReturnTypeProviderHandler)"/>
      <directive name="effective" value="active"/>
    </requirement>
    <requirement namespace="osgi.extender">
      <directive name="filter" value="(&amp;(osgi.extender=osgi.component)(version&gt;=1.3.0)(!(version&gt;=2.0.0)))"/>
      <directive name="effective" value="active"/>
    </requirement>
  </resource>
  <resource>
    <capability namespace="osgi.identity">
      <attribute name="osgi.identity" value="com.liferay.item.selector.upload.web"/>
      <attribute name="type" value="osgi.bundle"/>
      <attribute name="version" type="Version" value="3.0.0"/>
    </capability>
    <capability namespace="osgi.content">
      <attribute name="osgi.content" value="62800fa1c0b951939fd780a7dba25d5ede31ecf0c7790b327edcc06c04861869"/>
      <attribute name="url" value="com.liferay.item.selector.upload.web-3.0.0.jar"/>
      <attribute name="size" type="Long" value="10677"/>
      <attribute name="mime" value="application/vnd.osgi.bundle"/>
    </capability>
    <capability namespace="osgi.wiring.bundle">
      <attribute name="osgi.wiring.bundle" value="com.liferay.item.selector.upload.web"/>
      <attribute name="bundle-version" type="Version" value="3.0.0"/>
    </capability>
    <capability namespace="osgi.wiring.host">
      <attribute name="osgi.wiring.host" value="com.liferay.item.selector.upload.web"/>
      <attribute name="bundle-version" type="Version" value="3.0.0"/>
    </capability>
    <capability namespace="osgi.service">
      <attribute name="objectClass" type="List&lt;String&gt;" value="com.liferay.item.selector.ItemSelectorView"/>
    </capability>
    <capability namespace="osgi.service">
      <attribute name="objectClass" type="List&lt;String&gt;" value="com.liferay.item.selector.ItemSelectorView"/>
      <attribute name="item.selector.view.key" value="upload"/>
      <directive name="uses" value="com.liferay.item.selector"/>
    </capability>
    <requirement namespace="osgi.wiring.package">
      <directive name="filter" value="(&amp;(osgi.wiring.package=com.liferay.item.selector)(version&gt;=2.0.0)(!(version&gt;=3.0.0)))"/>
    </requirement>
    <requirement namespace="osgi.wiring.package">
      <directive name="filter" value="(&amp;(osgi.wiring.package=com.liferay.item.selector.criteria)(version&gt;=1.0.0)(!(version&gt;=2.0.0)))"/>
    </requirement>
    <requirement namespace="osgi.wiring.package">
      <directive name="filter" value="(&amp;(osgi.wiring.package=com.liferay.item.selector.criteria.upload.criterion)(version&gt;=1.3.0)(!(version&gt;=2.0.0)))"/>
    </requirement>
    <requirement namespace="osgi.wiring.package">
      <directive name="filter" value="(&amp;(osgi.wiring.package=com.liferay.portal.kernel.json)(version&gt;=7.0.0)(!(version&gt;=8.0.0)))"/>
    </requirement>
    <requirement namespace="osgi.wiring.package">
      <directive name="filter" value="(&amp;(osgi.wiring.package=com.liferay.portal.kernel.language)(version&gt;=7.2.0)(!(version&gt;=8.0.0)))"/>
    </requirement>
    <requirement namespace="osgi.wiring.package">
      <directive name="filter" value="(&amp;(osgi.wiring.package=com.liferay.portal.kernel.repository.model)(version&gt;=7.2.0)(!(version&gt;=8.0.0)))"/>
    </requirement>
    <requirement namespace="osgi.wiring.package">
      <directive name="filter" value="(&amp;(osgi.wiring.package=com.liferay.portal.kernel.servlet)(version&gt;=7.11.0)(!(version&gt;=8.0.0)))"/>
    </requirement>
    <requirement namespace="osgi.wiring.package">
      <directive name="filter" value="(&amp;(osgi.wiring.package=com.liferay.portal.kernel.theme)(version&gt;=1.6.0)(!(version&gt;=2.0.0)))"/>
    </requirement>
    <requirement namespace="osgi.wiring.package">
      <directive name="filter" value="(&amp;(osgi.wiring.package=com.liferay.portal.kernel.util)(version&gt;=8.0.0)(!(version&gt;=9.0.0)))"/>
    </requirement>
    <requirement namespace="osgi.wiring.package">
      <directive name="filter" value="(osgi.wiring.package=javax.portlet)"/>
    </requirement>
    <requirement namespace="osgi.wiring.package">
      <directive name="filter" value="(&amp;(osgi.wiring.package=javax.servlet)(version&gt;=3.0.0)(!(version&gt;=4.0.0)))"/>
    </requirement>
    <requirement namespace="osgi.wiring.package">
      <directive name="filter" value="(&amp;(osgi.wiring.package=javax.servlet.http)(version&gt;=3.0.0)(!(version&gt;=4.0.0)))"/>
    </requirement>
    <requirement namespace="osgi.extender">
      <directive name="filter" value="(&amp;(osgi.extender=jsp.taglib)(uri=http://java.sun.com/portlet_2_0))"/>
    </requirement>
    <requirement namespace="osgi.extender">
      <directive name="filter" value="(&amp;(osgi.extender=jsp.taglib)(uri=http://liferay.com/tld/aui))"/>
    </requirement>
    <requirement namespace="osgi.extender">
      <directive name="filter" value="(&amp;(osgi.extender=jsp.taglib)(uri=http://liferay.com/tld/theme))"/>
    </requirement>
    <requirement namespace="osgi.extender">
      <directive name="filter" value="(&amp;(osgi.extender=jsp.taglib)(uri=http://liferay.com/tld/ui))"/>
    </requirement>
    <requirement namespace="osgi.extender">
      <directive name="filter" value="(&amp;(osgi.extender=osgi.component)(version&gt;=1.3.0)(!(version&gt;=2.0.0)))"/>
    </requirement>
    <requirement namespace="osgi.service">
      <directive name="filter" value="(objectClass=com.liferay.item.selector.ItemSelectorReturnTypeResolverHandler)"/>
      <directive name="effective" value="active"/>
    </requirement>
    <requirement namespace="osgi.service">
      <directive name="filter" value="(objectClass=javax.servlet.ServletContext)"/>
      <directive name="effective" value="active"/>
    </requirement>
    <requirement namespace="osgi.contract">
      <attribute name="osgi.contract" value="JavaPortlet"/>
      <directive name="filter" value="(&amp;(osgi.contract=JavaPortlet)(version=3.0.0))"/>
    </requirement>
    <requirement namespace="osgi.ee">
      <directive name="filter" value="(&amp;(osgi.ee=JavaSE)(version=1.7))"/>
    </requirement>
    <requirement namespace="osgi.service">
      <directive name="filter" value="(objectClass=javax.servlet.ServletContext)"/>
      <directive name="effective" value="active"/>
    </requirement>
    <requirement namespace="osgi.service">
      <directive name="filter" value="(objectClass=com.liferay.item.selector.ItemSelectorReturnTypeResolverHandler)"/>
      <directive name="effective" value="active"/>
    </requirement>
    <requirement namespace="osgi.extender">
      <directive name="filter" value="(&amp;(osgi.extender=osgi.component)(version&gt;=1.3.0)(!(version&gt;=2.0.0)))"/>
      <directive name="effective" value="active"/>
    </requirement>
  </resource>
  <resource>
    <capability namespace="osgi.identity">
      <attribute name="osgi.identity" value="com.liferay.item.selector.url.web"/>
      <attribute name="type" value="osgi.bundle"/>
      <attribute name="version" type="Version" value="3.0.0"/>
    </capability>
    <capability namespace="osgi.content">
      <attribute name="osgi.content" value="8d20ff493fddb8c468508b690fd1b6e89ca06e5a0045a285ba576a5840519944"/>
      <attribute name="url" value="com.liferay.item.selector.url.web-3.0.0.jar"/>
      <attribute name="size" type="Long" value="22771"/>
      <attribute name="mime" value="application/vnd.osgi.bundle"/>
    </capability>
    <capability namespace="osgi.wiring.bundle">
      <attribute name="osgi.wiring.bundle" value="com.liferay.item.selector.url.web"/>
      <attribute name="bundle-version" type="Version" value="3.0.0"/>
    </capability>
    <capability namespace="osgi.wiring.host">
      <attribute name="osgi.wiring.host" value="com.liferay.item.selector.url.web"/>
      <attribute name="bundle-version" type="Version" value="3.0.0"/>
    </capability>
    <capability namespace="osgi.service">
      <attribute name="objectClass" type="List&lt;String&gt;" value="com.liferay.item.selector.ItemSelectorView"/>
    </capability>
    <capability namespace="liferay.resource.bundle">
      <attribute name="bundle.symbolic.name" value="com.liferay.item.selector.url.web"/>
      <attribute name="resource.bundle.base.name" value="content.Language"/>
    </capability>
    <capability namespace="osgi.service">
      <attribute name="objectClass" type="List&lt;String&gt;" value="com.liferay.item.selector.ItemSelectorView"/>
      <directive name="uses" value="com.liferay.item.selector"/>
    </capability>
    <requirement namespace="osgi.wiring.package">
      <directive name="filter" value="(&amp;(osgi.wiring.package=com.liferay.item.selector)(version&gt;=2.0.0)(!(version&gt;=3.0.0)))"/>
    </requirement>
    <requirement namespace="osgi.wiring.package">
      <directive name="filter" value="(&amp;(osgi.wiring.package=com.liferay.item.selector.criteria)(version&gt;=1.0.0)(!(version&gt;=2.0.0)))"/>
    </requirement>
    <requirement namespace="osgi.wiring.package">
      <directive name="filter" value="(&amp;(osgi.wiring.package=com.liferay.item.selector.criteria.url.criterion)(version&gt;=1.0.0)(!(version&gt;=2.0.0)))"/>
    </requirement>
    <requirement namespace="osgi.wiring.package">
      <directive name="filter" value="(&amp;(osgi.wiring.package=com.liferay.portal.kernel.exception)(version&gt;=7.2.0)(!(version&gt;=8.0.0)))"/>
    </requirement>
    <requirement namespace="osgi.wiring.package">
      <directive name="filter" value="(&amp;(osgi.wiring.package=com.liferay.portal.kernel.language)(version&gt;=7.2.0)(!(version&gt;=8.0.0)))"/>
    </requirement>
    <requirement namespace="osgi.wiring.package">
      <directive name="filter" value="(&amp;(osgi.wiring.package=com.liferay.portal.kernel.theme)(version&gt;=1.6.0)(!(version&gt;=2.0.0)))"/>
    </requirement>
    <requirement namespace="osgi.wiring.package">
      <directive name="filter" value="(&amp;(osgi.wiring.package=com.liferay.portal.kernel.util)(version&gt;=8.0.0)(!(version&gt;=9.0.0)))"/>
    </requirement>
    <requirement namespace="osgi.wiring.package">
      <directive name="filter" value="(osgi.wiring.package=javax.portlet)"/>
    </requirement>
    <requirement namespace="osgi.wiring.package">
      <directive name="filter" value="(&amp;(osgi.wiring.package=javax.servlet)(version&gt;=3.0.0)(!(version&gt;=4.0.0)))"/>
    </requirement>
    <requirement namespace="osgi.wiring.package">
      <directive name="filter" value="(&amp;(osgi.wiring.package=javax.servlet.http)(version&gt;=3.0.0)(!(version&gt;=4.0.0)))"/>
    </requirement>
    <requirement namespace="osgi.extender">
      <directive name="filter" value="(&amp;(osgi.extender=jsp.taglib)(uri=http://java.sun.com/portlet_2_0))"/>
    </requirement>
    <requirement namespace="osgi.extender">
      <directive name="filter" value="(&amp;(osgi.extender=jsp.taglib)(uri=http://liferay.com/tld/aui))"/>
    </requirement>
    <requirement namespace="osgi.extender">
      <directive name="filter" value="(&amp;(osgi.extender=jsp.taglib)(uri=http://liferay.com/tld/frontend))"/>
    </requirement>
    <requirement namespace="osgi.extender">
      <directive name="filter" value="(&amp;(osgi.extender=jsp.taglib)(uri=http://liferay.com/tld/theme))"/>
    </requirement>
    <requirement namespace="osgi.extender">
      <directive name="filter" value="(&amp;(osgi.extender=osgi.component)(version&gt;=1.3.0)(!(version&gt;=2.0.0)))"/>
    </requirement>
    <requirement namespace="osgi.service">
      <directive name="filter" value="(objectClass=javax.servlet.ServletContext)"/>
      <directive name="effective" value="active"/>
    </requirement>
    <requirement namespace="osgi.contract">
      <attribute name="osgi.contract" value="JavaPortlet"/>
      <directive name="filter" value="(&amp;(osgi.contract=JavaPortlet)(version=3.0.0))"/>
    </requirement>
    <requirement namespace="osgi.ee">
      <directive name="filter" value="(&amp;(osgi.ee=JavaSE)(version=1.7))"/>
    </requirement>
    <requirement namespace="osgi.service">
      <directive name="filter" value="(objectClass=javax.servlet.ServletContext)"/>
      <directive name="effective" value="active"/>
    </requirement>
    <requirement namespace="osgi.extender">
      <directive name="filter" value="(&amp;(osgi.extender=osgi.component)(version&gt;=1.3.0)(!(version&gt;=2.0.0)))"/>
      <directive name="effective" value="active"/>
    </requirement>
  </resource>
  <resource>
    <capability namespace="osgi.identity">
      <attribute name="osgi.identity" value="com.liferay.item.selector.web"/>
      <attribute name="type" value="osgi.bundle"/>
      <attribute name="version" type="Version" value="4.0.0"/>
    </capability>
    <capability namespace="osgi.content">
      <attribute name="osgi.content" value="f8c2285063f4154d9b082b60c97a6a24363ec3908370962116bc6fc6007d12f4"/>
      <attribute name="url" value="com.liferay.item.selector.web-4.0.0.jar"/>
      <attribute name="size" type="Long" value="50235"/>
      <attribute name="mime" value="application/vnd.osgi.bundle"/>
    </capability>
    <capability namespace="osgi.wiring.bundle">
      <attribute name="osgi.wiring.bundle" value="com.liferay.item.selector.web"/>
      <attribute name="bundle-version" type="Version" value="4.0.0"/>
    </capability>
    <capability namespace="osgi.wiring.host">
      <attribute name="osgi.wiring.host" value="com.liferay.item.selector.web"/>
      <attribute name="bundle-version" type="Version" value="4.0.0"/>
    </capability>
    <capability namespace="osgi.service">
      <attribute name="objectClass" type="List&lt;String&gt;" value="com.liferay.item.selector.ItemSelector"/>
    </capability>
    <capability namespace="osgi.service">
      <attribute name="objectClass" type="List&lt;String&gt;" value="com.liferay.item.selector.ItemSelectorCriterionSerializer"/>
    </capability>
    <capability namespace="osgi.service">
      <attribute name="objectClass" type="List&lt;String&gt;" value="com.liferay.item.selector.ItemSelectorUploadResponseHandler"/>
    </capability>
    <capability namespace="osgi.service">
      <attribute name="objectClass" type="List&lt;String&gt;" value="com.liferay.portal.upgrade.registry.UpgradeStepRegistrator"/>
    </capability>
    <capability namespace="osgi.service">
      <attribute name="objectClass" type="List&lt;String&gt;" value="javax.portlet.Portlet"/>
    </capability>
    <capability namespace="liferay.resource.bundle">
      <attribute name="bundle.symbolic.name" value="com.liferay.item.selector.web"/>
      <attribute name="resource.bundle.base.name" value="content.Language"/>
    </capability>
    <capability namespace="osgi.service">
      <attribute name="objectClass" type="List&lt;String&gt;" value="com.liferay.item.selector.ItemSelector"/>
      <directive name="uses" value="com.liferay.item.selector"/>
    </capability>
    <capability namespace="osgi.service">
      <attribute name="objectClass" type="List&lt;String&gt;" value="javax.portlet.Portlet"/>
      <attribute name="javax.portlet.expiration-cache" value="0"/>
      <attribute name="com.liferay.portlet.system" value="true"/>
      <attribute name="com.liferay.portlet.render-weight" value="50"/>
      <attribute name="javax.portlet.security-role-ref" value="guest,power-user,user"/>
      <attribute name="javax.portlet.init-param.template-path" value="/"/>
      <attribute name="com.liferay.portlet.private-session-attributes" value="false"/>
      <attribute name="com.liferay.portlet.css-class-wrapper" value="portlet-item-selector"/>
      <attribute name="javax.portlet.supports.mime-type" value="text/html"/>
      <attribute name="javax.portlet.init-param.view-template" value="/view.jsp"/>
      <attribute name="com.liferay.portlet.private-request-attributes" value="false"/>
      <attribute name="com.liferay.portlet.add-default-resource" value="true"/>
      <attribute name="javax.portlet.resource-bundle" value="content.Language"/>
      <attribute name="javax.portlet.name" value="com_liferay_item_selector_web_portlet_ItemSelectorPortlet"/>
      <attribute name="com.liferay.portlet.use-default-template" value="false"/>
      <attribute name="javax.portlet.display-name" value="Document Selector"/>
      <directive name="uses" value="javax.portlet"/>
    </capability>
    <capability namespace="osgi.service">
      <attribute name="objectClass" type="List&lt;String&gt;" value="com.liferay.portal.upgrade.registry.UpgradeStepRegistrator"/>
      <directive name="uses" value="com.liferay.portal.upgrade.registry"/>
    </capability>
    <capability namespace="osgi.service">
      <attribute name="objectClass" type="List&lt;String&gt;" value="com.liferay.item.selector.ItemSelectorUploadResponseHandler"/>
      <directive name="uses" value="com.liferay.item.selector"/>
    </capability>
    <capability namespace="osgi.service">
      <attribute name="objectClass" type="List&lt;String&gt;" value="com.liferay.item.selector.ItemSelectorCriterionSerializer"/>
      <directive name="uses" value="com.liferay.item.selector"/>
    </capability>
    <requirement namespace="osgi.wiring.package">
      <directive name="filter" value="(&amp;(osgi.wiring.package=com.liferay.frontend.taglib.clay.servlet.taglib.util)(version&gt;=1.0.0)(!(version&gt;=2.0.0)))"/>
    </requirement>
    <requirement namespace="osgi.wiring.package">
      <directive name="filter" value="(&amp;(osgi.wiring.package=com.liferay.item.selector)(version&gt;=2.0.0)(!(version&gt;=2.1.0)))"/>
    </requirement>
    <requirement namespace="osgi.wiring.package">
      <directive name="filter" value="(&amp;(osgi.wiring.package=com.liferay.osgi.service.tracker.collections.map)(version&gt;=2.0.0)(!(version&gt;=3.0.0)))"/>
    </requirement>
    <requirement namespace="osgi.wiring.package">
      <directive name="filter" value="(&amp;(osgi.wiring.package=com.liferay.osgi.util)(version&gt;=2.1.0)(!(version&gt;=3.0.0)))"/>
    </requirement>
    <requirement namespace="osgi.wiring.package">
      <directive name="filter" value="(&amp;(osgi.wiring.package=com.liferay.petra.string)(version&gt;=1.3.0)(!(version&gt;=2.0.0)))"/>
    </requirement>
    <requirement namespace="osgi.wiring.package">
      <directive name="filter" value="(&amp;(osgi.wiring.package=com.liferay.portal.kernel.exception)(version&gt;=7.2.0)(!(version&gt;=8.0.0)))"/>
    </requirement>
    <requirement namespace="osgi.wiring.package">
      <directive name="filter" value="(&amp;(osgi.wiring.package=com.liferay.portal.kernel.json)(version&gt;=7.0.0)(!(version&gt;=8.0.0)))"/>
    </requirement>
    <requirement namespace="osgi.wiring.package">
      <directive name="filter" value="(&amp;(osgi.wiring.package=com.liferay.portal.kernel.language)(version&gt;=7.2.0)(!(version&gt;=8.0.0)))"/>
    </requirement>
    <requirement namespace="osgi.wiring.package">
      <directive name="filter" value="(&amp;(osgi.wiring.package=com.liferay.portal.kernel.log)(version&gt;=7.0.0)(!(version&gt;=8.0.0)))"/>
    </requirement>
    <requirement namespace="osgi.wiring.package">
      <directive name="filter" value="(&amp;(osgi.wiring.package=com.liferay.portal.kernel.model)(version&gt;=2.0.0)(!(version&gt;=3.0.0)))"/>
    </requirement>
    <requirement namespace="osgi.wiring.package">
      <directive name="filter" value="(&amp;(osgi.wiring.package=com.liferay.portal.kernel.portlet)(version&gt;=8.0.0)(!(version&gt;=9.0.0)))"/>
    </requirement>
    <requirement namespace="osgi.wiring.package">
      <directive name="filter" value="(&amp;(osgi.wiring.package=com.liferay.portal.kernel.portlet.bridges.mvc)(version&gt;=1.6.0)(!(version&gt;=2.0.0)))"/>
    </requirement>
    <requirement namespace="osgi.wiring.package">
      <directive name="filter" value="(&amp;(osgi.wiring.package=com.liferay.portal.kernel.repository.model)(version&gt;=7.2.0)(!(version&gt;=8.0.0)))"/>
    </requirement>
    <requirement namespace="osgi.wiring.package">
      <directive name="filter" value="(&amp;(osgi.wiring.package=com.liferay.portal.kernel.service)(version&gt;=1.27.0)(!(version&gt;=2.0.0)))"/>
    </requirement>
    <requirement namespace="osgi.wiring.package">
      <directive name="filter" value="(&amp;(osgi.wiring.package=com.liferay.portal.kernel.theme)(version&gt;=1.6.0)(!(version&gt;=2.0.0)))"/>
    </requirement>
    <requirement namespace="osgi.wiring.package">
      <directive name="filter" value="(&amp;(osgi.wiring.package=com.liferay.portal.kernel.upgrade)(version&gt;=7.6.0)(!(version&gt;=8.0.0)))"/>
    </requirement>
    <requirement namespace="osgi.wiring.package">
      <directive name="filter" value="(&amp;(osgi.wiring.package=com.liferay.portal.kernel.upload)(version&gt;=6.4.0)(!(version&gt;=7.0.0)))"/>
    </requirement>
    <requirement namespace="osgi.wiring.package">
      <directive name="filter" value="(&amp;(osgi.wiring.package=com.liferay.portal.kernel.util)(version&gt;=8.0.0)(!(version&gt;=9.0.0)))"/>
    </requirement>
    <requirement namespace="osgi.wiring.package">
      <directive name="filter" value="(&amp;(osgi.wiring.package=com.liferay.portal.upgrade.registry)(version&gt;=2.0.0)(!(version&gt;=3.0.0)))"/>
    </requirement>
    <requirement namespace="osgi.wiring.package">
      <directive name="filter" value="(&amp;(osgi.wiring.package=com.liferay.taglib.util)(version&gt;=7.4.0)(!(version&gt;=8.0.0)))"/>
    </requirement>
    <requirement namespace="osgi.wiring.package">
      <directive name="filter" value="(&amp;(osgi.wiring.package=com.liferay.upload)(version&gt;=1.1.0)(!(version&gt;=2.0.0)))"/>
    </requirement>
    <requirement namespace="osgi.wiring.package">
      <directive name="filter" value="(osgi.wiring.package=javax.portlet)"/>
    </requirement>
    <requirement namespace="osgi.wiring.package">
      <directive name="filter" value="(&amp;(osgi.wiring.package=javax.servlet)(version&gt;=3.0.0)(!(version&gt;=4.0.0)))"/>
    </requirement>
    <requirement namespace="osgi.wiring.package">
      <directive name="filter" value="(&amp;(osgi.wiring.package=javax.servlet.http)(version&gt;=3.0.0)(!(version&gt;=4.0.0)))"/>
    </requirement>
    <requirement namespace="osgi.wiring.package">
      <directive name="filter" value="(&amp;(osgi.wiring.package=javax.servlet.jsp)(version&gt;=2.3.0)(!(version&gt;=3.0.0)))"/>
    </requirement>
    <requirement namespace="osgi.wiring.package">
      <directive name="filter" value="(&amp;(osgi.wiring.package=org.osgi.framework)(version&gt;=1.7.0)(!(version&gt;=2.0.0)))"/>
    </requirement>
    <requirement namespace="osgi.wiring.package">
      <directive name="filter" value="(&amp;(osgi.wiring.package=org.osgi.util.tracker)(version&gt;=1.5.0)(!(version&gt;=2.0.0)))"/>
    </requirement>
    <requirement namespace="osgi.extender">
      <directive name="filter" value="(&amp;(osgi.extender=jsp.taglib)(uri=http://java.sun.com/portlet_2_0))"/>
    </requirement>
    <requirement namespace="osgi.extender">
      <directive name="filter" value="(&amp;(osgi.extender=jsp.taglib)(uri=http://liferay.com/tld/clay))"/>
    </requirement>
    <requirement namespace="osgi.extender">
      <directive name="filter" value="(&amp;(osgi.extender=jsp.taglib)(uri=http://liferay.com/tld/frontend))"/>
    </requirement>
    <requirement namespace="osgi.extender">
      <directive name="filter" value="(&amp;(osgi.extender=jsp.taglib)(uri=http://liferay.com/tld/item-selector))"/>
    </requirement>
    <requirement namespace="osgi.extender">
      <directive name="filter" value="(&amp;(osgi.extender=jsp.taglib)(uri=http://liferay.com/tld/theme))"/>
    </requirement>
    <requirement namespace="osgi.extender">
      <directive name="filter" value="(&amp;(osgi.extender=osgi.component)(version&gt;=1.3.0)(!(version&gt;=2.0.0)))"/>
    </requirement>
    <requirement namespace="osgi.service">
      <directive name="filter" value="(objectClass=com.liferay.item.selector.ItemSelector)"/>
      <directive name="effective" value="active"/>
    </requirement>
    <requirement namespace="osgi.service">
      <directive name="filter" value="(objectClass=com.liferay.item.selector.ItemSelectorCriterionHandler)"/>
      <directive name="effective" value="active"/>
      <directive name="resolution" value="optional"/>
      <directive name="cardinality" value="multiple"/>
    </requirement>
    <requirement namespace="osgi.service">
      <directive name="filter" value="(objectClass=com.liferay.item.selector.ItemSelectorCriterionSerializer)"/>
      <directive name="effective" value="active"/>
    </requirement>
    <requirement namespace="osgi.service">
      <directive name="filter" value="(objectClass=com.liferay.item.selector.ItemSelectorReturnTypeResolverHandler)"/>
      <directive name="effective" value="active"/>
    </requirement>
    <requirement namespace="osgi.service">
      <directive name="filter" value="(objectClass=com.liferay.item.selector.ItemSelectorViewReturnTypeProviderHandler)"/>
      <directive name="effective" value="active"/>
    </requirement>
    <requirement namespace="osgi.service">
      <directive name="filter" value="(objectClass=com.liferay.portal.kernel.model.Release)"/>
      <directive name="effective" value="active"/>
    </requirement>
    <requirement namespace="osgi.service">
      <directive name="filter" value="(objectClass=com.liferay.portal.kernel.util.Http)"/>
      <directive name="effective" value="active"/>
    </requirement>
    <requirement namespace="osgi.service">
      <directive name="filter" value="(objectClass=com.liferay.portal.kernel.util.Portal)"/>
      <directive name="effective" value="active"/>
    </requirement>
    <requirement namespace="osgi.service">
      <directive name="filter" value="(objectClass=com.liferay.upload.UploadResponseHandler)"/>
      <directive name="effective" value="active"/>
    </requirement>
    <requirement namespace="osgi.contract">
      <attribute name="osgi.contract" value="JavaPortlet"/>
      <directive name="filter" value="(&amp;(osgi.contract=JavaPortlet)(version=3.0.0))"/>
    </requirement>
    <requirement namespace="osgi.ee">
      <directive name="filter" value="(&amp;(osgi.ee=JavaSE)(version=1.8))"/>
    </requirement>
    <requirement namespace="osgi.service">
      <directive name="filter" value="(objectClass=com.liferay.item.selector.ItemSelectorCriterionHandler)"/>
      <directive name="resolution" value="optional"/>
      <directive name="cardinality" value="multiple"/>
      <directive name="effective" value="active"/>
    </requirement>
    <requirement namespace="osgi.service">
      <directive name="filter" value="(objectClass=com.liferay.item.selector.ItemSelectorCriterionSerializer)"/>
      <directive name="effective" value="active"/>
    </requirement>
    <requirement namespace="osgi.service">
      <directive name="filter" value="(objectClass=com.liferay.portal.kernel.util.Http)"/>
      <directive name="effective" value="active"/>
    </requirement>
    <requirement namespace="osgi.service">
      <directive name="filter" value="(objectClass=com.liferay.portal.kernel.util.Portal)"/>
      <directive name="effective" value="active"/>
    </requirement>
    <requirement namespace="osgi.service">
      <directive name="filter" value="(objectClass=com.liferay.item.selector.ItemSelector)"/>
      <directive name="effective" value="active"/>
    </requirement>
    <requirement namespace="osgi.service">
      <directive name="filter" value="(objectClass=com.liferay.portal.kernel.model.Release)"/>
      <directive name="effective" value="active"/>
    </requirement>
    <requirement namespace="osgi.service">
      <directive name="filter" value="(objectClass=com.liferay.upload.UploadResponseHandler)"/>
      <directive name="effective" value="active"/>
    </requirement>
    <requirement namespace="osgi.service">
      <directive name="filter" value="(objectClass=com.liferay.item.selector.ItemSelectorReturnTypeResolverHandler)"/>
      <directive name="effective" value="active"/>
    </requirement>
    <requirement namespace="osgi.service">
      <directive name="filter" value="(objectClass=com.liferay.item.selector.ItemSelectorViewReturnTypeProviderHandler)"/>
      <directive name="effective" value="active"/>
    </requirement>
    <requirement namespace="osgi.extender">
      <directive name="filter" value="(&amp;(osgi.extender=osgi.component)(version&gt;=1.3.0)(!(version&gt;=2.0.0)))"/>
      <directive name="effective" value="active"/>
    </requirement>
  </resource>
</repository>