<?xml version="1.0" encoding="utf-8"?>
<?xml-stylesheet href="http://www.osgi.org/www/obr2html.xsl" type="text/xsl"?>
<repository increment="1530635194532" name="Liferay Foundation - Liferay Frontend Image Editor - API" xmlns="http://www.osgi.org/xmlns/repository/v1.0.0">
  <resource>
    <capability namespace="osgi.identity">
      <attribute name="osgi.identity" value="com.liferay.frontend.image.editor.api"/>
      <attribute name="type" value="osgi.bundle"/>
      <attribute name="version" type="Version" value="2.0.0"/>
    </capability>
    <capability namespace="osgi.content">
      <attribute name="osgi.content" value="d753b69cb72f890cecabec037be3ddd7df29fa083bb9c73c3e487ac1a596fd92"/>
      <attribute name="url" value="com.liferay.frontend.image.editor.api-2.0.0.jar"/>
      <attribute name="size" type="Long" value="5398"/>
      <attribute name="mime" value="application/vnd.osgi.bundle"/>
    </capability>
    <capability namespace="osgi.wiring.bundle">
      <attribute name="osgi.wiring.bundle" value="com.liferay.frontend.image.editor.api"/>
      <attribute name="bundle-version" type="Version" value="2.0.0"/>
    </capability>
    <capability namespace="osgi.wiring.host">
      <attribute name="osgi.wiring.host" value="com.liferay.frontend.image.editor.api"/>
      <attribute name="bundle-version" type="Version" value="2.0.0"/>
    </capability>
    <capability namespace="osgi.wiring.package">
      <attribute name="osgi.wiring.package" value="com.liferay.frontend.image.editor.capability"/>
      <attribute name="version" type="Version" value="1.0.1"/>
      <attribute name="bundle-symbolic-name" value="com.liferay.frontend.image.editor.api"/>
      <attribute name="bundle-version" type="Version" value="2.0.0"/>
      <directive name="uses" value="javax.servlet,javax.servlet.http,org.osgi.framework"/>
    </capability>
    <requirement namespace="osgi.wiring.package">
      <directive name="filter" value="(&amp;(osgi.wiring.package=com.liferay.portal.kernel.json)(version&gt;=7.0.0)(!(version&gt;=8.0.0)))"/>
    </requirement>
    <requirement namespace="osgi.wiring.package">
      <directive name="filter" value="(&amp;(osgi.wiring.package=com.liferay.portal.kernel.util)(version&gt;=8.0.0)(!(version&gt;=9.0.0)))"/>
    </requirement>
    <requirement namespace="osgi.wiring.package">
      <directive name="filter" value="(&amp;(osgi.wiring.package=javax.servlet)(version&gt;=3.0.0)(!(version&gt;=4.0.0)))"/>
    </requirement>
    <requirement namespace="osgi.wiring.package">
      <directive name="filter" value="(&amp;(osgi.wiring.package=javax.servlet.http)(version&gt;=3.0.0)(!(version&gt;=4.0.0)))"/>
    </requirement>
    <requirement namespace="osgi.wiring.package">
      <directive name="filter" value="(&amp;(osgi.wiring.package=org.osgi.framework)(version&gt;=1.8.0)(!(version&gt;=2.0.0)))"/>
    </requirement>
    <requirement namespace="osgi.ee">
      <directive name="filter" value="(&amp;(osgi.ee=JavaSE)(version=1.7))"/>
    </requirement>
  </resource>
</repository>