<?xml version="1.0" encoding="utf-8"?>
<?xml-stylesheet href="http://www.osgi.org/www/obr2html.xsl" type="text/xsl"?>
<repository increment="1530635196332" name="Liferay Foundation - Liferay Map - API" xmlns="http://www.osgi.org/xmlns/repository/v1.0.0">
  <resource>
    <capability namespace="osgi.identity">
      <attribute name="osgi.identity" value="com.liferay.map.api"/>
      <attribute name="type" value="osgi.bundle"/>
      <attribute name="version" type="Version" value="3.0.0"/>
    </capability>
    <capability namespace="osgi.content">
      <attribute name="osgi.content" value="9cd0b549cf936a929c3e2c723b895358f1ca554838b92ea9e3322d3228796faf"/>
      <attribute name="url" value="com.liferay.map.api-3.0.0.jar"/>
      <attribute name="size" type="Long" value="6500"/>
      <attribute name="mime" value="application/vnd.osgi.bundle"/>
    </capability>
    <capability namespace="osgi.wiring.bundle">
      <attribute name="osgi.wiring.bundle" value="com.liferay.map.api"/>
      <attribute name="bundle-version" type="Version" value="3.0.0"/>
    </capability>
    <capability namespace="osgi.wiring.host">
      <attribute name="osgi.wiring.host" value="com.liferay.map.api"/>
      <attribute name="bundle-version" type="Version" value="3.0.0"/>
    </capability>
    <capability namespace="osgi.wiring.package">
      <attribute name="osgi.wiring.package" value="com.liferay.map"/>
      <attribute name="version" type="Version" value="1.1.0"/>
      <attribute name="bundle-symbolic-name" value="com.liferay.map.api"/>
      <attribute name="bundle-version" type="Version" value="3.0.0"/>
      <directive name="uses" value="javax.servlet,javax.servlet.http"/>
    </capability>
    <capability namespace="osgi.wiring.package">
      <attribute name="osgi.wiring.package" value="com.liferay.map.constants"/>
      <attribute name="version" type="Version" value="1.1.0"/>
      <attribute name="bundle-symbolic-name" value="com.liferay.map.api"/>
      <attribute name="bundle-version" type="Version" value="3.0.0"/>
    </capability>
    <capability namespace="osgi.wiring.package">
      <attribute name="osgi.wiring.package" value="com.liferay.map.util"/>
      <attribute name="version" type="Version" value="2.0.0"/>
      <attribute name="bundle-symbolic-name" value="com.liferay.map.api"/>
      <attribute name="bundle-version" type="Version" value="3.0.0"/>
      <directive name="uses" value="com.liferay.portal.kernel.service"/>
    </capability>
    <requirement namespace="osgi.wiring.package">
      <directive name="filter" value="(&amp;(osgi.wiring.package=com.liferay.portal.kernel.log)(version&gt;=7.0.0)(!(version&gt;=8.0.0)))"/>
    </requirement>
    <requirement namespace="osgi.wiring.package">
      <directive name="filter" value="(&amp;(osgi.wiring.package=com.liferay.portal.kernel.model)(version&gt;=2.0.0)(!(version&gt;=3.0.0)))"/>
    </requirement>
    <requirement namespace="osgi.wiring.package">
      <directive name="filter" value="(&amp;(osgi.wiring.package=com.liferay.portal.kernel.service)(version&gt;=1.27.0)(!(version&gt;=2.0.0)))"/>
    </requirement>
    <requirement namespace="osgi.wiring.package">
      <directive name="filter" value="(&amp;(osgi.wiring.package=com.liferay.portal.kernel.util)(version&gt;=8.0.0)(!(version&gt;=9.0.0)))"/>
    </requirement>
    <requirement namespace="osgi.wiring.package">
      <directive name="filter" value="(osgi.wiring.package=javax.portlet)"/>
    </requirement>
    <requirement namespace="osgi.wiring.package">
      <directive name="filter" value="(&amp;(osgi.wiring.package=javax.servlet)(version&gt;=3.0.0)(!(version&gt;=4.0.0)))"/>
    </requirement>
    <requirement namespace="osgi.wiring.package">
      <directive name="filter" value="(&amp;(osgi.wiring.package=javax.servlet.http)(version&gt;=3.0.0)(!(version&gt;=4.0.0)))"/>
    </requirement>
    <requirement namespace="osgi.contract">
      <attribute name="osgi.contract" value="JavaPortlet"/>
      <directive name="filter" value="(&amp;(osgi.contract=JavaPortlet)(version=3.0.0))"/>
    </requirement>
    <requirement namespace="osgi.ee">
      <directive name="filter" value="(&amp;(osgi.ee=JavaSE)(version=1.7))"/>
    </requirement>
  </resource>
  <resource>
    <capability namespace="osgi.identity">
      <attribute name="osgi.identity" value="com.liferay.map.taglib"/>
      <attribute name="type" value="osgi.bundle"/>
      <attribute name="version" type="Version" value="2.0.1"/>
    </capability>
    <capability namespace="osgi.content">
      <attribute name="osgi.content" value="e82a82e91e61c8329c5433b4f1ec153e5442ae918a101434e48b403f7dbcd8fc"/>
      <attribute name="url" value="com.liferay.map.taglib-2.0.1.jar"/>
      <attribute name="size" type="Long" value="37002"/>
      <attribute name="mime" value="application/vnd.osgi.bundle"/>
    </capability>
    <capability namespace="osgi.wiring.bundle">
      <attribute name="osgi.wiring.bundle" value="com.liferay.map.taglib"/>
      <attribute name="bundle-version" type="Version" value="2.0.1"/>
    </capability>
    <capability namespace="osgi.wiring.host">
      <attribute name="osgi.wiring.host" value="com.liferay.map.taglib"/>
      <attribute name="bundle-version" type="Version" value="2.0.1"/>
    </capability>
    <capability namespace="osgi.wiring.package">
      <attribute name="osgi.wiring.package" value="com.liferay.map.taglib.servlet.taglib"/>
      <attribute name="version" type="Version" value="1.1.0"/>
      <attribute name="bundle-symbolic-name" value="com.liferay.map.taglib"/>
      <attribute name="bundle-version" type="Version" value="2.0.1"/>
      <directive name="uses" value="com.liferay.taglib.util,javax.servlet.http,javax.servlet.jsp"/>
    </capability>
    <capability namespace="osgi.extender">
      <attribute name="osgi.extender" value="jsp.taglib"/>
      <attribute name="uri" value="http://liferay.com/tld/map"/>
      <attribute name="version" type="Version" value="2.0.1"/>
    </capability>
    <capability namespace="liferay.resource.bundle">
      <attribute name="bundle.symbolic.name" value="com.liferay.map.taglib"/>
      <attribute name="resource.bundle.base.name" value="content.Language"/>
    </capability>
    <requirement namespace="osgi.wiring.package">
      <directive name="filter" value="(&amp;(osgi.wiring.package=com.liferay.map)(version&gt;=1.1.0)(!(version&gt;=2.0.0)))"/>
    </requirement>
    <requirement namespace="osgi.wiring.package">
      <directive name="filter" value="(&amp;(osgi.wiring.package=com.liferay.map.constants)(version&gt;=1.1.0)(!(version&gt;=2.0.0)))"/>
    </requirement>
    <requirement namespace="osgi.wiring.package">
      <directive name="filter" value="(&amp;(osgi.wiring.package=com.liferay.map.util)(version&gt;=2.0.0)(!(version&gt;=3.0.0)))"/>
    </requirement>
    <requirement namespace="osgi.wiring.package">
      <directive name="filter" value="(&amp;(osgi.wiring.package=com.liferay.osgi.service.tracker.collections.map)(version&gt;=2.0.0)(!(version&gt;=3.0.0)))"/>
    </requirement>
    <requirement namespace="osgi.wiring.package">
      <directive name="filter" value="(&amp;(osgi.wiring.package=com.liferay.petra.string)(version&gt;=1.3.0)(!(version&gt;=2.0.0)))"/>
    </requirement>
    <requirement namespace="osgi.wiring.package">
      <directive name="filter" value="(&amp;(osgi.wiring.package=com.liferay.portal.kernel.exception)(version&gt;=7.2.0)(!(version&gt;=8.0.0)))"/>
    </requirement>
    <requirement namespace="osgi.wiring.package">
      <directive name="filter" value="(&amp;(osgi.wiring.package=com.liferay.portal.kernel.language)(version&gt;=7.2.0)(!(version&gt;=8.0.0)))"/>
    </requirement>
    <requirement namespace="osgi.wiring.package">
      <directive name="filter" value="(&amp;(osgi.wiring.package=com.liferay.portal.kernel.service)(version&gt;=1.27.0)(!(version&gt;=2.0.0)))"/>
    </requirement>
    <requirement namespace="osgi.wiring.package">
      <directive name="filter" value="(&amp;(osgi.wiring.package=com.liferay.portal.kernel.theme)(version&gt;=1.6.0)(!(version&gt;=2.0.0)))"/>
    </requirement>
    <requirement namespace="osgi.wiring.package">
      <directive name="filter" value="(&amp;(osgi.wiring.package=com.liferay.portal.kernel.util)(version&gt;=8.0.0)(!(version&gt;=9.0.0)))"/>
    </requirement>
    <requirement namespace="osgi.wiring.package">
      <directive name="filter" value="(&amp;(osgi.wiring.package=com.liferay.taglib.aui)(version&gt;=7.6.0)(!(version&gt;=8.0.0)))"/>
    </requirement>
    <requirement namespace="osgi.wiring.package">
      <directive name="filter" value="(&amp;(osgi.wiring.package=com.liferay.taglib.servlet)(version&gt;=1.2.0)(!(version&gt;=2.0.0)))"/>
    </requirement>
    <requirement namespace="osgi.wiring.package">
      <directive name="filter" value="(&amp;(osgi.wiring.package=com.liferay.taglib.util)(version&gt;=7.4.0)(!(version&gt;=8.0.0)))"/>
    </requirement>
    <requirement namespace="osgi.wiring.package">
      <directive name="filter" value="(osgi.wiring.package=javax.portlet)"/>
    </requirement>
    <requirement namespace="osgi.wiring.package">
      <directive name="filter" value="(&amp;(osgi.wiring.package=javax.servlet)(version&gt;=3.0.0)(!(version&gt;=4.0.0)))"/>
    </requirement>
    <requirement namespace="osgi.wiring.package">
      <directive name="filter" value="(&amp;(osgi.wiring.package=javax.servlet.http)(version&gt;=3.0.0)(!(version&gt;=4.0.0)))"/>
    </requirement>
    <requirement namespace="osgi.wiring.package">
      <directive name="filter" value="(&amp;(osgi.wiring.package=javax.servlet.jsp)(version&gt;=2.3.0)(!(version&gt;=3.0.0)))"/>
    </requirement>
    <requirement namespace="osgi.wiring.package">
      <directive name="filter" value="(&amp;(osgi.wiring.package=org.osgi.framework)(version&gt;=1.8.0)(!(version&gt;=2.0.0)))"/>
    </requirement>
    <requirement namespace="osgi.extender">
      <directive name="filter" value="(&amp;(osgi.extender=jsp.taglib)(uri=http://java.sun.com/portlet_2_0))"/>
    </requirement>
    <requirement namespace="osgi.extender">
      <directive name="filter" value="(&amp;(osgi.extender=jsp.taglib)(uri=http://liferay.com/tld/aui))"/>
    </requirement>
    <requirement namespace="osgi.extender">
      <directive name="filter" value="(&amp;(osgi.extender=jsp.taglib)(uri=http://liferay.com/tld/frontend))"/>
    </requirement>
    <requirement namespace="osgi.extender">
      <directive name="filter" value="(&amp;(osgi.extender=jsp.taglib)(uri=http://liferay.com/tld/theme))"/>
    </requirement>
    <requirement namespace="osgi.extender">
      <directive name="filter" value="(&amp;(osgi.extender=osgi.component)(version&gt;=1.3.0)(!(version&gt;=2.0.0)))"/>
    </requirement>
    <requirement namespace="osgi.service">
      <directive name="filter" value="(objectClass=com.liferay.portal.kernel.service.GroupLocalService)"/>
      <directive name="effective" value="active"/>
    </requirement>
    <requirement namespace="osgi.service">
      <directive name="filter" value="(objectClass=javax.servlet.ServletContext)"/>
      <directive name="effective" value="active"/>
    </requirement>
    <requirement namespace="osgi.contract">
      <attribute name="osgi.contract" value="JavaPortlet"/>
      <directive name="filter" value="(&amp;(osgi.contract=JavaPortlet)(version=3.0.0))"/>
    </requirement>
    <requirement namespace="osgi.ee">
      <directive name="filter" value="(&amp;(osgi.ee=JavaSE)(version=1.7))"/>
    </requirement>
    <requirement namespace="osgi.service">
      <directive name="filter" value="(objectClass=javax.servlet.ServletContext)"/>
      <directive name="effective" value="active"/>
    </requirement>
    <requirement namespace="osgi.service">
      <directive name="filter" value="(objectClass=com.liferay.portal.kernel.service.GroupLocalService)"/>
      <directive name="effective" value="active"/>
    </requirement>
    <requirement namespace="osgi.extender">
      <directive name="filter" value="(&amp;(osgi.extender=osgi.component)(version&gt;=1.3.0)(!(version&gt;=2.0.0)))"/>
      <directive name="effective" value="active"/>
    </requirement>
  </resource>
</repository>