<?xml version="1.0" encoding="utf-8"?>
<?xml-stylesheet href="http://www.osgi.org/www/obr2html.xsl" type="text/xsl"?>
<repository increment="1530635196923" name="Liferay Foundation - Liferay Portal URL Builder - API" xmlns="http://www.osgi.org/xmlns/repository/v1.0.0">
  <resource>
    <capability namespace="osgi.identity">
      <attribute name="osgi.identity" value="com.liferay.portal.url.builder.api"/>
      <attribute name="type" value="osgi.bundle"/>
      <attribute name="version" type="Version" value="1.0.2"/>
    </capability>
    <capability namespace="osgi.content">
      <attribute name="osgi.content" value="109df52ec00488ab2a2c2f68e38970b53da2e7d13c6fac30f3cd679226626e3c"/>
      <attribute name="url" value="com.liferay.portal.url.builder.api-1.0.2.jar"/>
      <attribute name="size" type="Long" value="6084"/>
      <attribute name="mime" value="application/vnd.osgi.bundle"/>
    </capability>
    <capability namespace="osgi.wiring.bundle">
      <attribute name="osgi.wiring.bundle" value="com.liferay.portal.url.builder.api"/>
      <attribute name="bundle-version" type="Version" value="1.0.2"/>
    </capability>
    <capability namespace="osgi.wiring.host">
      <attribute name="osgi.wiring.host" value="com.liferay.portal.url.builder.api"/>
      <attribute name="bundle-version" type="Version" value="1.0.2"/>
    </capability>
    <capability namespace="osgi.wiring.package">
      <attribute name="osgi.wiring.package" value="com.liferay.portal.url.builder"/>
      <attribute name="version" type="Version" value="1.0.0"/>
      <attribute name="bundle-symbolic-name" value="com.liferay.portal.url.builder.api"/>
      <attribute name="bundle-version" type="Version" value="1.0.2"/>
      <directive name="uses" value="com.liferay.portal.kernel.model.portlet,javax.servlet.http"/>
    </capability>
    <requirement namespace="osgi.wiring.package">
      <directive name="filter" value="(&amp;(osgi.wiring.package=com.liferay.portal.kernel.model.portlet)(version&gt;=1.0.0)(!(version&gt;=2.0.0)))"/>
    </requirement>
    <requirement namespace="osgi.wiring.package">
      <directive name="filter" value="(&amp;(osgi.wiring.package=javax.servlet.http)(version&gt;=3.0.0)(!(version&gt;=4.0.0)))"/>
    </requirement>
    <requirement namespace="osgi.ee">
      <directive name="filter" value="(&amp;(osgi.ee=JavaSE)(version=1.8))"/>
    </requirement>
  </resource>
</repository>