<?xml version="1.0" encoding="utf-8"?>
<?xml-stylesheet href="http://www.osgi.org/www/obr2html.xsl" type="text/xsl"?>
<repository increment="1530635199036" name="Liferay Foundation - Liferay Analytics - Impl" xmlns="http://www.osgi.org/xmlns/repository/v1.0.0">
  <resource>
    <capability namespace="osgi.identity">
      <attribute name="osgi.identity" value="com.liferay.analytics.data.binding.impl"/>
      <attribute name="type" value="osgi.bundle"/>
      <attribute name="version" type="Version" value="1.0.1"/>
    </capability>
    <capability namespace="osgi.content">
      <attribute name="osgi.content" value="23010f8fb6059895733e3623332ac892af723744a0ed18bd9182c257c57c80e0"/>
      <attribute name="url" value="com.liferay.analytics.data.binding.impl-1.0.1.jar"/>
      <attribute name="size" type="Long" value="1454206"/>
      <attribute name="mime" value="application/vnd.osgi.bundle"/>
    </capability>
    <capability namespace="osgi.wiring.bundle">
      <attribute name="osgi.wiring.bundle" value="com.liferay.analytics.data.binding.impl"/>
      <attribute name="bundle-version" type="Version" value="1.0.1"/>
    </capability>
    <capability namespace="osgi.wiring.host">
      <attribute name="osgi.wiring.host" value="com.liferay.analytics.data.binding.impl"/>
      <attribute name="bundle-version" type="Version" value="1.0.1"/>
    </capability>
    <capability namespace="osgi.service">
      <attribute name="objectClass" type="List&lt;String&gt;" value="com.liferay.analytics.data.binding.JSONObjectMapper"/>
    </capability>
    <capability namespace="osgi.service">
      <attribute name="objectClass" type="List&lt;String&gt;" value="com.liferay.analytics.data.binding.JSONObjectMapper"/>
      <attribute name="model" value="com.liferay.analytics.model.AnalyticsEventsMessage"/>
      <directive name="uses" value="com.liferay.analytics.data.binding"/>
    </capability>
    <capability namespace="osgi.service">
      <attribute name="objectClass" type="List&lt;String&gt;" value="com.liferay.analytics.data.binding.JSONObjectMapper"/>
      <attribute name="model" value="com.liferay.analytics.model.IdentityContextMessage"/>
      <directive name="uses" value="com.liferay.analytics.data.binding"/>
    </capability>
    <requirement namespace="osgi.wiring.package">
      <directive name="filter" value="(&amp;(osgi.wiring.package=com.liferay.analytics.data.binding)(version&gt;=1.0.0)(!(version&gt;=1.1.0)))"/>
    </requirement>
    <requirement namespace="osgi.wiring.package">
      <directive name="filter" value="(&amp;(osgi.wiring.package=com.liferay.analytics.model)(version&gt;=1.0.0)(!(version&gt;=2.0.0)))"/>
    </requirement>
    <requirement namespace="osgi.wiring.package">
      <directive name="filter" value="(osgi.wiring.package=javax.xml.datatype)"/>
    </requirement>
    <requirement namespace="osgi.wiring.package">
      <directive name="filter" value="(osgi.wiring.package=javax.xml.namespace)"/>
    </requirement>
    <requirement namespace="osgi.wiring.package">
      <directive name="filter" value="(osgi.wiring.package=javax.xml.parsers)"/>
    </requirement>
    <requirement namespace="osgi.wiring.package">
      <directive name="filter" value="(osgi.wiring.package=org.w3c.dom)"/>
    </requirement>
    <requirement namespace="osgi.wiring.package">
      <directive name="filter" value="(osgi.wiring.package=org.w3c.dom.bootstrap)"/>
    </requirement>
    <requirement namespace="osgi.wiring.package">
      <directive name="filter" value="(osgi.wiring.package=org.w3c.dom.ls)"/>
    </requirement>
    <requirement namespace="osgi.wiring.package">
      <directive name="filter" value="(osgi.wiring.package=org.xml.sax)"/>
    </requirement>
    <requirement namespace="osgi.extender">
      <directive name="filter" value="(&amp;(osgi.extender=osgi.component)(version&gt;=1.3.0)(!(version&gt;=2.0.0)))"/>
    </requirement>
    <requirement namespace="osgi.ee">
      <directive name="filter" value="(&amp;(osgi.ee=JavaSE)(version=1.8))"/>
    </requirement>
    <requirement namespace="osgi.extender">
      <directive name="filter" value="(&amp;(osgi.extender=osgi.component)(version&gt;=1.3.0)(!(version&gt;=2.0.0)))"/>
      <directive name="effective" value="active"/>
    </requirement>
  </resource>
</repository>