<?xml version="1.0" encoding="utf-8"?>
<?xml-stylesheet href="http://www.osgi.org/www/obr2html.xsl" type="text/xsl"?>
<repository increment="1530635198389" name="Liferay Foundation - Liferay License Manager - Impl" xmlns="http://www.osgi.org/xmlns/repository/v1.0.0">
  <resource>
    <capability namespace="osgi.identity">
      <attribute name="osgi.identity" value="com.liferay.license.manager.web"/>
      <attribute name="type" value="osgi.bundle"/>
      <attribute name="version" type="Version" value="3.0.0"/>
    </capability>
    <capability namespace="osgi.content">
      <attribute name="osgi.content" value="1353caf551688ad9ec9db219d0ff33858c6b08b24d297ca618f799cb63a854dd"/>
      <attribute name="url" value="com.liferay.license.manager.web-3.0.0.jar"/>
      <attribute name="size" type="Long" value="25869"/>
      <attribute name="mime" value="application/vnd.osgi.bundle"/>
    </capability>
    <capability namespace="osgi.wiring.bundle">
      <attribute name="osgi.wiring.bundle" value="com.liferay.license.manager.web"/>
      <attribute name="bundle-version" type="Version" value="3.0.0"/>
    </capability>
    <capability namespace="osgi.wiring.host">
      <attribute name="osgi.wiring.host" value="com.liferay.license.manager.web"/>
      <attribute name="bundle-version" type="Version" value="3.0.0"/>
    </capability>
    <capability namespace="osgi.service">
      <attribute name="objectClass" type="List&lt;String&gt;" value="com.liferay.application.list.PanelApp"/>
    </capability>
    <capability namespace="osgi.service">
      <attribute name="objectClass" type="List&lt;String&gt;" value="com.liferay.portal.kernel.portlet.ControlPanelEntry"/>
    </capability>
    <capability namespace="osgi.service">
      <attribute name="objectClass" type="List&lt;String&gt;" value="com.liferay.portal.upgrade.registry.UpgradeStepRegistrator"/>
    </capability>
    <capability namespace="osgi.service">
      <attribute name="objectClass" type="List&lt;String&gt;" value="javax.portlet.Portlet"/>
    </capability>
    <capability namespace="liferay.resource.bundle">
      <attribute name="bundle.symbolic.name" value="com.liferay.license.manager.web"/>
      <attribute name="resource.bundle.base.name" value="content.Language"/>
    </capability>
    <capability namespace="osgi.service">
      <attribute name="objectClass" type="List&lt;String&gt;" value="com.liferay.application.list.PanelApp"/>
      <attribute name="panel.category.key" value="control_panel.apps"/>
      <attribute name="panel.app.order" type="Long" value="500"/>
      <directive name="uses" value="com.liferay.application.list"/>
    </capability>
    <capability namespace="osgi.service">
      <attribute name="objectClass" type="List&lt;String&gt;" value="com.liferay.portal.kernel.portlet.ControlPanelEntry"/>
      <attribute name="javax.portlet.name" value="com_liferay_license_manager_web_portlet_LicenseManagerPortlet"/>
      <directive name="uses" value="com.liferay.portal.kernel.portlet"/>
    </capability>
    <capability namespace="osgi.service">
      <attribute name="objectClass" type="List&lt;String&gt;" value="javax.portlet.Portlet"/>
      <attribute name="javax.portlet.expiration-cache" value="0"/>
      <attribute name="com.liferay.portlet.render-weight" value="50"/>
      <attribute name="javax.portlet.security-role-ref" value="administrator"/>
      <attribute name="javax.portlet.init-param.template-path" value="/"/>
      <attribute name="com.liferay.portlet.private-session-attributes" value="false"/>
      <attribute name="com.liferay.portlet.css-class-wrapper" value="license-manager"/>
      <attribute name="com.liferay.portlet.display-category" value="category.hidden"/>
      <attribute name="com.liferay.portlet.preferences-owned-by-group" value="true"/>
      <attribute name="javax.portlet.supports.mime-type" value="text/html"/>
      <attribute name="javax.portlet.init-param.view-template" value="/view.jsp"/>
      <attribute name="com.liferay.portlet.private-request-attributes" value="false"/>
      <attribute name="javax.portlet.resource-bundle" value="content.Language"/>
      <attribute name="javax.portlet.name" value="com_liferay_license_manager_web_portlet_LicenseManagerPortlet"/>
      <attribute name="com.liferay.portlet.use-default-template" value="true"/>
      <attribute name="javax.portlet.display-name" value="License Manager"/>
      <directive name="uses" value="javax.portlet"/>
    </capability>
    <capability namespace="osgi.service">
      <attribute name="objectClass" type="List&lt;String&gt;" value="com.liferay.portal.upgrade.registry.UpgradeStepRegistrator"/>
      <directive name="uses" value="com.liferay.portal.upgrade.registry"/>
    </capability>
    <requirement namespace="osgi.wiring.package">
      <directive name="filter" value="(&amp;(osgi.wiring.package=com.liferay.application.list)(version&gt;=1.1.0)(!(version&gt;=2.0.0)))"/>
    </requirement>
    <requirement namespace="osgi.wiring.package">
      <directive name="filter" value="(&amp;(osgi.wiring.package=com.liferay.portal.kernel.model)(version&gt;=2.0.0)(!(version&gt;=3.0.0)))"/>
    </requirement>
    <requirement namespace="osgi.wiring.package">
      <directive name="filter" value="(&amp;(osgi.wiring.package=com.liferay.portal.kernel.portlet)(version&gt;=8.0.0)(!(version&gt;=9.0.0)))"/>
    </requirement>
    <requirement namespace="osgi.wiring.package">
      <directive name="filter" value="(&amp;(osgi.wiring.package=com.liferay.portal.kernel.portlet.bridges.mvc)(version&gt;=1.6.0)(!(version&gt;=2.0.0)))"/>
    </requirement>
    <requirement namespace="osgi.wiring.package">
      <directive name="filter" value="(&amp;(osgi.wiring.package=com.liferay.portal.kernel.upgrade)(version&gt;=7.6.0)(!(version&gt;=8.0.0)))"/>
    </requirement>
    <requirement namespace="osgi.wiring.package">
      <directive name="filter" value="(&amp;(osgi.wiring.package=com.liferay.portal.upgrade.registry)(version&gt;=2.0.0)(!(version&gt;=3.0.0)))"/>
    </requirement>
    <requirement namespace="osgi.wiring.package">
      <directive name="filter" value="(osgi.wiring.package=javax.portlet)"/>
    </requirement>
    <requirement namespace="osgi.wiring.package">
      <directive name="filter" value="(&amp;(osgi.wiring.package=javax.servlet)(version&gt;=3.0.0)(!(version&gt;=4.0.0)))"/>
    </requirement>
    <requirement namespace="osgi.wiring.package">
      <directive name="filter" value="(&amp;(osgi.wiring.package=javax.servlet.http)(version&gt;=3.0.0)(!(version&gt;=4.0.0)))"/>
    </requirement>
    <requirement namespace="osgi.extender">
      <directive name="filter" value="(&amp;(osgi.extender=jsp.taglib)(uri=http://java.sun.com/portlet_2_0))"/>
    </requirement>
    <requirement namespace="osgi.extender">
      <directive name="filter" value="(&amp;(osgi.extender=jsp.taglib)(uri=http://liferay.com/tld/aui))"/>
    </requirement>
    <requirement namespace="osgi.extender">
      <directive name="filter" value="(&amp;(osgi.extender=jsp.taglib)(uri=http://liferay.com/tld/theme))"/>
    </requirement>
    <requirement namespace="osgi.extender">
      <directive name="filter" value="(&amp;(osgi.extender=osgi.component)(version&gt;=1.3.0)(!(version&gt;=2.0.0)))"/>
    </requirement>
    <requirement namespace="osgi.service">
      <directive name="filter" value="(objectClass=com.liferay.portal.kernel.model.Portlet)"/>
      <directive name="effective" value="active"/>
    </requirement>
    <requirement namespace="osgi.contract">
      <attribute name="osgi.contract" value="JavaPortlet"/>
      <directive name="filter" value="(&amp;(osgi.contract=JavaPortlet)(version=3.0.0))"/>
    </requirement>
    <requirement namespace="osgi.ee">
      <directive name="filter" value="(&amp;(osgi.ee=JavaSE)(version=1.7))"/>
    </requirement>
    <requirement namespace="osgi.service">
      <directive name="filter" value="(objectClass=com.liferay.portal.kernel.model.Portlet)"/>
      <directive name="effective" value="active"/>
    </requirement>
    <requirement namespace="osgi.extender">
      <directive name="filter" value="(&amp;(osgi.extender=osgi.component)(version&gt;=1.3.0)(!(version&gt;=2.0.0)))"/>
      <directive name="effective" value="active"/>
    </requirement>
  </resource>
</repository>