<?xml version="1.0" encoding="utf-8"?>
<?xml-stylesheet href="http://www.osgi.org/www/obr2html.xsl" type="text/xsl"?>
<repository increment="1530635196412" name="Liferay Foundation - Liferay Security SSO - API" xmlns="http://www.osgi.org/xmlns/repository/v1.0.0">
  <resource>
    <capability namespace="osgi.identity">
      <attribute name="osgi.identity" value="com.liferay.portal.security.sso.cas.api"/>
      <attribute name="type" value="osgi.bundle"/>
      <attribute name="version" type="Version" value="2.0.1"/>
    </capability>
    <capability namespace="osgi.content">
      <attribute name="osgi.content" value="8ff7ae43ad2eb334a1372e0a6e807f4f2f3e79076d5873172baf4545d11c0758"/>
      <attribute name="url" value="com.liferay.portal.security.sso.cas.api-2.0.1.jar"/>
      <attribute name="size" type="Long" value="29980"/>
      <attribute name="mime" value="application/vnd.osgi.bundle"/>
    </capability>
    <capability namespace="osgi.wiring.bundle">
      <attribute name="osgi.wiring.bundle" value="com.liferay.portal.security.sso.cas.api"/>
      <attribute name="bundle-version" type="Version" value="2.0.1"/>
    </capability>
    <capability namespace="osgi.wiring.host">
      <attribute name="osgi.wiring.host" value="com.liferay.portal.security.sso.cas.api"/>
      <attribute name="bundle-version" type="Version" value="2.0.1"/>
    </capability>
    <capability namespace="osgi.wiring.package">
      <attribute name="osgi.wiring.package" value="com.liferay.portal.security.sso.cas.configuration"/>
      <attribute name="version" type="Version" value="1.0.1"/>
      <attribute name="bundle-symbolic-name" value="com.liferay.portal.security.sso.cas.api"/>
      <attribute name="bundle-version" type="Version" value="2.0.1"/>
      <directive name="uses" value="aQute.bnd.annotation.metatype,com.liferay.portal.configuration.metatype.annotations"/>
    </capability>
    <capability namespace="osgi.wiring.package">
      <attribute name="osgi.wiring.package" value="com.liferay.portal.security.sso.cas.constants"/>
      <attribute name="version" type="Version" value="1.0.0"/>
      <attribute name="bundle-symbolic-name" value="com.liferay.portal.security.sso.cas.api"/>
      <attribute name="bundle-version" type="Version" value="2.0.1"/>
    </capability>
    <capability namespace="liferay.resource.bundle">
      <attribute name="bundle.symbolic.name" value="com.liferay.portal.security.sso.cas.api"/>
      <attribute name="resource.bundle.base.name" value="content.Language"/>
    </capability>
    <requirement namespace="osgi.wiring.package">
      <directive name="filter" value="(&amp;(osgi.wiring.package=aQute.bnd.annotation.metatype)(version&gt;=1.45.0)(!(version&gt;=2.0.0)))"/>
    </requirement>
    <requirement namespace="osgi.wiring.package">
      <directive name="filter" value="(&amp;(osgi.wiring.package=com.liferay.portal.configuration.metatype.annotations)(version&gt;=1.1.0)(!(version&gt;=2.0.0)))"/>
    </requirement>
    <requirement namespace="osgi.ee">
      <directive name="filter" value="(&amp;(osgi.ee=JavaSE)(version=1.7))"/>
    </requirement>
  </resource>
  <resource>
    <capability namespace="osgi.identity">
      <attribute name="osgi.identity" value="com.liferay.portal.security.sso.facebook.connect.api"/>
      <attribute name="type" value="osgi.bundle"/>
      <attribute name="version" type="Version" value="2.0.1"/>
    </capability>
    <capability namespace="osgi.content">
      <attribute name="osgi.content" value="58689244cac14aeabf927f1dad4e451f1001eeaad66211edd1225138a486c353"/>
      <attribute name="url" value="com.liferay.portal.security.sso.facebook.connect.api-2.0.1.jar"/>
      <attribute name="size" type="Long" value="22416"/>
      <attribute name="mime" value="application/vnd.osgi.bundle"/>
    </capability>
    <capability namespace="osgi.wiring.bundle">
      <attribute name="osgi.wiring.bundle" value="com.liferay.portal.security.sso.facebook.connect.api"/>
      <attribute name="bundle-version" type="Version" value="2.0.1"/>
    </capability>
    <capability namespace="osgi.wiring.host">
      <attribute name="osgi.wiring.host" value="com.liferay.portal.security.sso.facebook.connect.api"/>
      <attribute name="bundle-version" type="Version" value="2.0.1"/>
    </capability>
    <capability namespace="osgi.wiring.package">
      <attribute name="osgi.wiring.package" value="com.liferay.portal.security.sso.facebook.connect.configuration"/>
      <attribute name="version" type="Version" value="2.0.5"/>
      <attribute name="bundle-symbolic-name" value="com.liferay.portal.security.sso.facebook.connect.api"/>
      <attribute name="bundle-version" type="Version" value="2.0.1"/>
      <directive name="uses" value="aQute.bnd.annotation.metatype,com.liferay.portal.configuration.metatype.annotations"/>
    </capability>
    <capability namespace="osgi.wiring.package">
      <attribute name="osgi.wiring.package" value="com.liferay.portal.security.sso.facebook.connect.constants"/>
      <attribute name="version" type="Version" value="2.0.0"/>
      <attribute name="bundle-symbolic-name" value="com.liferay.portal.security.sso.facebook.connect.api"/>
      <attribute name="bundle-version" type="Version" value="2.0.1"/>
    </capability>
    <capability namespace="liferay.resource.bundle">
      <attribute name="bundle.symbolic.name" value="com.liferay.portal.security.sso.facebook.connect.api"/>
      <attribute name="resource.bundle.base.name" value="content.Language"/>
    </capability>
    <requirement namespace="osgi.wiring.package">
      <directive name="filter" value="(&amp;(osgi.wiring.package=aQute.bnd.annotation.metatype)(version&gt;=1.45.0)(!(version&gt;=2.0.0)))"/>
    </requirement>
    <requirement namespace="osgi.wiring.package">
      <directive name="filter" value="(&amp;(osgi.wiring.package=com.liferay.portal.configuration.metatype.annotations)(version&gt;=1.1.0)(!(version&gt;=2.0.0)))"/>
    </requirement>
    <requirement namespace="osgi.ee">
      <directive name="filter" value="(&amp;(osgi.ee=JavaSE)(version=1.7))"/>
    </requirement>
  </resource>
  <resource>
    <capability namespace="osgi.identity">
      <attribute name="osgi.identity" value="com.liferay.portal.security.sso.google.api"/>
      <attribute name="type" value="osgi.bundle"/>
      <attribute name="version" type="Version" value="2.0.1"/>
    </capability>
    <capability namespace="osgi.content">
      <attribute name="osgi.content" value="c0d05d0f0a7994ad90bc8da0a889de9a4a4acf31ba4165231fbf4ec5ff0364ee"/>
      <attribute name="url" value="com.liferay.portal.security.sso.google.api-2.0.1.jar"/>
      <attribute name="size" type="Long" value="23669"/>
      <attribute name="mime" value="application/vnd.osgi.bundle"/>
    </capability>
    <capability namespace="osgi.wiring.bundle">
      <attribute name="osgi.wiring.bundle" value="com.liferay.portal.security.sso.google.api"/>
      <attribute name="bundle-version" type="Version" value="2.0.1"/>
    </capability>
    <capability namespace="osgi.wiring.host">
      <attribute name="osgi.wiring.host" value="com.liferay.portal.security.sso.google.api"/>
      <attribute name="bundle-version" type="Version" value="2.0.1"/>
    </capability>
    <capability namespace="osgi.wiring.package">
      <attribute name="osgi.wiring.package" value="com.liferay.portal.security.sso.google"/>
      <attribute name="version" type="Version" value="1.0.0"/>
      <attribute name="bundle-symbolic-name" value="com.liferay.portal.security.sso.google.api"/>
      <attribute name="bundle-version" type="Version" value="2.0.1"/>
      <directive name="uses" value="com.liferay.portal.kernel.model,javax.servlet.http"/>
    </capability>
    <capability namespace="osgi.wiring.package">
      <attribute name="osgi.wiring.package" value="com.liferay.portal.security.sso.google.configuration"/>
      <attribute name="version" type="Version" value="1.0.4"/>
      <attribute name="bundle-symbolic-name" value="com.liferay.portal.security.sso.google.api"/>
      <attribute name="bundle-version" type="Version" value="2.0.1"/>
      <directive name="uses" value="aQute.bnd.annotation.metatype,com.liferay.portal.configuration.metatype.annotations"/>
    </capability>
    <capability namespace="osgi.wiring.package">
      <attribute name="osgi.wiring.package" value="com.liferay.portal.security.sso.google.constants"/>
      <attribute name="version" type="Version" value="1.0.0"/>
      <attribute name="bundle-symbolic-name" value="com.liferay.portal.security.sso.google.api"/>
      <attribute name="bundle-version" type="Version" value="2.0.1"/>
    </capability>
    <capability namespace="liferay.resource.bundle">
      <attribute name="bundle.symbolic.name" value="com.liferay.portal.security.sso.google.api"/>
      <attribute name="resource.bundle.base.name" value="content.Language"/>
    </capability>
    <requirement namespace="osgi.wiring.package">
      <directive name="filter" value="(&amp;(osgi.wiring.package=aQute.bnd.annotation.metatype)(version&gt;=1.45.0)(!(version&gt;=2.0.0)))"/>
    </requirement>
    <requirement namespace="osgi.wiring.package">
      <directive name="filter" value="(&amp;(osgi.wiring.package=com.liferay.portal.configuration.metatype.annotations)(version&gt;=1.1.0)(!(version&gt;=2.0.0)))"/>
    </requirement>
    <requirement namespace="osgi.wiring.package">
      <directive name="filter" value="(&amp;(osgi.wiring.package=com.liferay.portal.kernel.model)(version&gt;=2.0.0)(!(version&gt;=3.0.0)))"/>
    </requirement>
    <requirement namespace="osgi.wiring.package">
      <directive name="filter" value="(&amp;(osgi.wiring.package=javax.servlet.http)(version&gt;=3.0.0)(!(version&gt;=4.0.0)))"/>
    </requirement>
    <requirement namespace="osgi.ee">
      <directive name="filter" value="(&amp;(osgi.ee=JavaSE)(version=1.7))"/>
    </requirement>
  </resource>
  <resource>
    <capability namespace="osgi.identity">
      <attribute name="osgi.identity" value="com.liferay.portal.security.sso.ntlm.api"/>
      <attribute name="type" value="osgi.bundle"/>
      <attribute name="version" type="Version" value="2.0.2"/>
    </capability>
    <capability namespace="osgi.content">
      <attribute name="osgi.content" value="643577812d3359a635e2188dd7f1eb927086fa82909556ac6a8c240e15e38037"/>
      <attribute name="url" value="com.liferay.portal.security.sso.ntlm.api-2.0.2.jar"/>
      <attribute name="size" type="Long" value="30424"/>
      <attribute name="mime" value="application/vnd.osgi.bundle"/>
    </capability>
    <capability namespace="osgi.wiring.bundle">
      <attribute name="osgi.wiring.bundle" value="com.liferay.portal.security.sso.ntlm.api"/>
      <attribute name="bundle-version" type="Version" value="2.0.2"/>
    </capability>
    <capability namespace="osgi.wiring.host">
      <attribute name="osgi.wiring.host" value="com.liferay.portal.security.sso.ntlm.api"/>
      <attribute name="bundle-version" type="Version" value="2.0.2"/>
    </capability>
    <capability namespace="osgi.wiring.package">
      <attribute name="osgi.wiring.package" value="com.liferay.portal.security.sso.ntlm.configuration"/>
      <attribute name="version" type="Version" value="1.0.3"/>
      <attribute name="bundle-symbolic-name" value="com.liferay.portal.security.sso.ntlm.api"/>
      <attribute name="bundle-version" type="Version" value="2.0.2"/>
      <directive name="uses" value="aQute.bnd.annotation.metatype,com.liferay.portal.configuration.metatype.annotations"/>
    </capability>
    <capability namespace="osgi.wiring.package">
      <attribute name="osgi.wiring.package" value="com.liferay.portal.security.sso.ntlm.constants"/>
      <attribute name="version" type="Version" value="1.0.0"/>
      <attribute name="bundle-symbolic-name" value="com.liferay.portal.security.sso.ntlm.api"/>
      <attribute name="bundle-version" type="Version" value="2.0.2"/>
    </capability>
    <capability namespace="liferay.resource.bundle">
      <attribute name="bundle.symbolic.name" value="com.liferay.portal.security.sso.ntlm.api"/>
      <attribute name="resource.bundle.base.name" value="content.Language"/>
    </capability>
    <requirement namespace="osgi.wiring.package">
      <directive name="filter" value="(&amp;(osgi.wiring.package=aQute.bnd.annotation.metatype)(version&gt;=1.45.0)(!(version&gt;=2.0.0)))"/>
    </requirement>
    <requirement namespace="osgi.wiring.package">
      <directive name="filter" value="(&amp;(osgi.wiring.package=com.liferay.portal.configuration.metatype.annotations)(version&gt;=1.1.0)(!(version&gt;=2.0.0)))"/>
    </requirement>
    <requirement namespace="osgi.ee">
      <directive name="filter" value="(&amp;(osgi.ee=JavaSE)(version=1.7))"/>
    </requirement>
  </resource>
  <resource>
    <capability namespace="osgi.identity">
      <attribute name="osgi.identity" value="com.liferay.portal.security.sso.openid.api"/>
      <attribute name="type" value="osgi.bundle"/>
      <attribute name="version" type="Version" value="2.0.1"/>
    </capability>
    <capability namespace="osgi.content">
      <attribute name="osgi.content" value="2eaeef984184b23528b1a6fbf43c243c2fa09efb6e11ade27eca376b1b739353"/>
      <attribute name="url" value="com.liferay.portal.security.sso.openid.api-2.0.1.jar"/>
      <attribute name="size" type="Long" value="24801"/>
      <attribute name="mime" value="application/vnd.osgi.bundle"/>
    </capability>
    <capability namespace="osgi.wiring.bundle">
      <attribute name="osgi.wiring.bundle" value="com.liferay.portal.security.sso.openid.api"/>
      <attribute name="bundle-version" type="Version" value="2.0.1"/>
    </capability>
    <capability namespace="osgi.wiring.host">
      <attribute name="osgi.wiring.host" value="com.liferay.portal.security.sso.openid.api"/>
      <attribute name="bundle-version" type="Version" value="2.0.1"/>
    </capability>
    <capability namespace="osgi.wiring.package">
      <attribute name="osgi.wiring.package" value="com.liferay.portal.security.sso.openid"/>
      <attribute name="version" type="Version" value="2.0.0"/>
      <attribute name="bundle-symbolic-name" value="com.liferay.portal.security.sso.openid.api"/>
      <attribute name="bundle-version" type="Version" value="2.0.1"/>
      <directive name="uses" value="com.liferay.portal.kernel.exception,com.liferay.portal.kernel.theme,javax.portlet"/>
    </capability>
    <capability namespace="osgi.wiring.package">
      <attribute name="osgi.wiring.package" value="com.liferay.portal.security.sso.openid.configuration"/>
      <attribute name="version" type="Version" value="2.0.5"/>
      <attribute name="bundle-symbolic-name" value="com.liferay.portal.security.sso.openid.api"/>
      <attribute name="bundle-version" type="Version" value="2.0.1"/>
      <directive name="uses" value="aQute.bnd.annotation.metatype,com.liferay.portal.configuration.metatype.annotations"/>
    </capability>
    <capability namespace="osgi.wiring.package">
      <attribute name="osgi.wiring.package" value="com.liferay.portal.security.sso.openid.constants"/>
      <attribute name="version" type="Version" value="2.0.0"/>
      <attribute name="bundle-symbolic-name" value="com.liferay.portal.security.sso.openid.api"/>
      <attribute name="bundle-version" type="Version" value="2.0.1"/>
    </capability>
    <capability namespace="liferay.resource.bundle">
      <attribute name="bundle.symbolic.name" value="com.liferay.portal.security.sso.openid.api"/>
      <attribute name="resource.bundle.base.name" value="content.Language"/>
    </capability>
    <requirement namespace="osgi.wiring.package">
      <directive name="filter" value="(&amp;(osgi.wiring.package=aQute.bnd.annotation.metatype)(version&gt;=1.45.0)(!(version&gt;=2.0.0)))"/>
    </requirement>
    <requirement namespace="osgi.wiring.package">
      <directive name="filter" value="(&amp;(osgi.wiring.package=com.liferay.portal.configuration.metatype.annotations)(version&gt;=1.1.0)(!(version&gt;=2.0.0)))"/>
    </requirement>
    <requirement namespace="osgi.wiring.package">
      <directive name="filter" value="(&amp;(osgi.wiring.package=com.liferay.portal.kernel.exception)(version&gt;=7.2.0)(!(version&gt;=8.0.0)))"/>
    </requirement>
    <requirement namespace="osgi.wiring.package">
      <directive name="filter" value="(&amp;(osgi.wiring.package=com.liferay.portal.kernel.theme)(version&gt;=1.6.0)(!(version&gt;=2.0.0)))"/>
    </requirement>
    <requirement namespace="osgi.wiring.package">
      <directive name="filter" value="(osgi.wiring.package=javax.portlet)"/>
    </requirement>
    <requirement namespace="osgi.contract">
      <attribute name="osgi.contract" value="JavaPortlet"/>
      <directive name="filter" value="(&amp;(osgi.contract=JavaPortlet)(version=3.0.0))"/>
    </requirement>
    <requirement namespace="osgi.ee">
      <directive name="filter" value="(&amp;(osgi.ee=JavaSE)(version=1.7))"/>
    </requirement>
  </resource>
  <resource>
    <capability namespace="osgi.identity">
      <attribute name="osgi.identity" value="com.liferay.portal.security.sso.openid.connect.api"/>
      <attribute name="type" value="osgi.bundle"/>
      <attribute name="version" type="Version" value="1.0.3"/>
    </capability>
    <capability namespace="osgi.content">
      <attribute name="osgi.content" value="110b782eadc3e7c1d1a79ea49b1055e20d866e23fa5a28bda1c8c4cc301ae84e"/>
      <attribute name="url" value="com.liferay.portal.security.sso.openid.connect.api-1.0.3.jar"/>
      <attribute name="size" type="Long" value="1998807"/>
      <attribute name="mime" value="application/vnd.osgi.bundle"/>
    </capability>
    <capability namespace="osgi.wiring.bundle">
      <attribute name="osgi.wiring.bundle" value="com.liferay.portal.security.sso.openid.connect.api"/>
      <attribute name="bundle-version" type="Version" value="1.0.3"/>
    </capability>
    <capability namespace="osgi.wiring.host">
      <attribute name="osgi.wiring.host" value="com.liferay.portal.security.sso.openid.connect.api"/>
      <attribute name="bundle-version" type="Version" value="1.0.3"/>
    </capability>
    <capability namespace="osgi.wiring.package">
      <attribute name="osgi.wiring.package" value="com.liferay.portal.security.sso.openid.connect"/>
      <attribute name="version" type="Version" value="1.0.0"/>
      <attribute name="bundle-symbolic-name" value="com.liferay.portal.security.sso.openid.connect.api"/>
      <attribute name="bundle-version" type="Version" value="1.0.3"/>
      <directive name="uses" value="com.liferay.portal.kernel.exception,com.nimbusds.openid.connect.sdk.claims,com.nimbusds.openid.connect.sdk.op,javax.servlet.http"/>
    </capability>
    <capability namespace="osgi.wiring.package">
      <attribute name="osgi.wiring.package" value="com.liferay.portal.security.sso.openid.connect.configuration"/>
      <attribute name="version" type="Version" value="1.0.1"/>
      <attribute name="bundle-symbolic-name" value="com.liferay.portal.security.sso.openid.connect.api"/>
      <attribute name="bundle-version" type="Version" value="1.0.3"/>
      <directive name="uses" value="aQute.bnd.annotation.metatype,com.liferay.portal.configuration.metatype.annotations"/>
    </capability>
    <capability namespace="osgi.wiring.package">
      <attribute name="osgi.wiring.package" value="com.liferay.portal.security.sso.openid.connect.constants"/>
      <attribute name="version" type="Version" value="1.0.0"/>
      <attribute name="bundle-symbolic-name" value="com.liferay.portal.security.sso.openid.connect.api"/>
      <attribute name="bundle-version" type="Version" value="1.0.3"/>
    </capability>
    <capability namespace="osgi.wiring.package">
      <attribute name="osgi.wiring.package" value="com.nimbusds.jose.util"/>
      <attribute name="version" type="Version" value="4.26.1"/>
      <attribute name="bundle-symbolic-name" value="com.liferay.portal.security.sso.openid.connect.api"/>
      <attribute name="bundle-version" type="Version" value="1.0.3"/>
      <directive name="uses" value="net.jcip.annotations,net.minidev.json"/>
    </capability>
    <capability namespace="osgi.wiring.package">
      <attribute name="osgi.wiring.package" value="com.nimbusds.jwt"/>
      <attribute name="version" type="Version" value="4.26.1"/>
      <attribute name="bundle-symbolic-name" value="com.liferay.portal.security.sso.openid.connect.api"/>
      <attribute name="bundle-version" type="Version" value="1.0.3"/>
      <directive name="uses" value="com.nimbusds.jose.util,net.jcip.annotations,net.minidev.json"/>
    </capability>
    <capability namespace="osgi.wiring.package">
      <attribute name="osgi.wiring.package" value="com.nimbusds.langtag"/>
      <attribute name="version" type="Version" value="1.4.3"/>
      <attribute name="bundle-symbolic-name" value="com.liferay.portal.security.sso.openid.connect.api"/>
      <attribute name="bundle-version" type="Version" value="1.0.3"/>
    </capability>
    <capability namespace="osgi.wiring.package">
      <attribute name="osgi.wiring.package" value="com.nimbusds.oauth2.sdk"/>
      <attribute name="version" type="Version" value="5.17.1"/>
      <attribute name="bundle-symbolic-name" value="com.liferay.portal.security.sso.openid.connect.api"/>
      <attribute name="bundle-version" type="Version" value="1.0.3"/>
      <directive name="uses" value="com.nimbusds.jose.util,com.nimbusds.jwt,com.nimbusds.oauth2.sdk.auth,com.nimbusds.oauth2.sdk.http,com.nimbusds.oauth2.sdk.id,com.nimbusds.oauth2.sdk.pkce,com.nimbusds.oauth2.sdk.token,net.jcip.annotations,net.minidev.json"/>
    </capability>
    <capability namespace="osgi.wiring.package">
      <attribute name="osgi.wiring.package" value="com.nimbusds.oauth2.sdk.assertions"/>
      <attribute name="version" type="Version" value="5.17.1"/>
      <attribute name="bundle-symbolic-name" value="com.liferay.portal.security.sso.openid.connect.api"/>
      <attribute name="bundle-version" type="Version" value="1.0.3"/>
      <directive name="uses" value="com.nimbusds.oauth2.sdk.id"/>
    </capability>
    <capability namespace="osgi.wiring.package">
      <attribute name="osgi.wiring.package" value="com.nimbusds.oauth2.sdk.assertions.jwt"/>
      <attribute name="version" type="Version" value="5.17.1"/>
      <attribute name="bundle-symbolic-name" value="com.liferay.portal.security.sso.openid.connect.api"/>
      <attribute name="bundle-version" type="Version" value="1.0.3"/>
      <directive name="uses" value="com.nimbusds.jwt,com.nimbusds.oauth2.sdk,com.nimbusds.oauth2.sdk.assertions,com.nimbusds.oauth2.sdk.auth,com.nimbusds.oauth2.sdk.id,net.jcip.annotations,net.minidev.json"/>
    </capability>
    <capability namespace="osgi.wiring.package">
      <attribute name="osgi.wiring.package" value="com.nimbusds.oauth2.sdk.auth"/>
      <attribute name="version" type="Version" value="5.17.1"/>
      <attribute name="bundle-symbolic-name" value="com.liferay.portal.security.sso.openid.connect.api"/>
      <attribute name="bundle-version" type="Version" value="1.0.3"/>
      <directive name="uses" value="com.nimbusds.jwt,com.nimbusds.oauth2.sdk,com.nimbusds.oauth2.sdk.assertions.jwt,com.nimbusds.oauth2.sdk.http,com.nimbusds.oauth2.sdk.id,net.jcip.annotations,net.minidev.json"/>
    </capability>
    <capability namespace="osgi.wiring.package">
      <attribute name="osgi.wiring.package" value="com.nimbusds.oauth2.sdk.http"/>
      <attribute name="version" type="Version" value="5.17.1"/>
      <attribute name="bundle-symbolic-name" value="com.liferay.portal.security.sso.openid.connect.api"/>
      <attribute name="bundle-version" type="Version" value="1.0.3"/>
      <directive name="uses" value="com.nimbusds.jwt,com.nimbusds.oauth2.sdk,javax.mail.internet,javax.net.ssl,javax.servlet.http,net.jcip.annotations,net.minidev.json"/>
    </capability>
    <capability namespace="osgi.wiring.package">
      <attribute name="osgi.wiring.package" value="com.nimbusds.oauth2.sdk.id"/>
      <attribute name="version" type="Version" value="5.17.1"/>
      <attribute name="bundle-symbolic-name" value="com.liferay.portal.security.sso.openid.connect.api"/>
      <attribute name="bundle-version" type="Version" value="1.0.3"/>
      <directive name="uses" value="com.nimbusds.oauth2.sdk,net.jcip.annotations,net.minidev.json"/>
    </capability>
    <capability namespace="osgi.wiring.package">
      <attribute name="osgi.wiring.package" value="com.nimbusds.oauth2.sdk.pkce"/>
      <attribute name="version" type="Version" value="5.17.1"/>
      <attribute name="bundle-symbolic-name" value="com.liferay.portal.security.sso.openid.connect.api"/>
      <attribute name="bundle-version" type="Version" value="1.0.3"/>
      <directive name="uses" value="com.nimbusds.oauth2.sdk.auth,com.nimbusds.oauth2.sdk.id,net.jcip.annotations"/>
    </capability>
    <capability namespace="osgi.wiring.package">
      <attribute name="osgi.wiring.package" value="com.nimbusds.oauth2.sdk.token"/>
      <attribute name="version" type="Version" value="5.17.1"/>
      <attribute name="bundle-symbolic-name" value="com.liferay.portal.security.sso.openid.connect.api"/>
      <attribute name="bundle-version" type="Version" value="1.0.3"/>
      <directive name="uses" value="com.nimbusds.oauth2.sdk,com.nimbusds.oauth2.sdk.http,com.nimbusds.oauth2.sdk.id,net.jcip.annotations,net.minidev.json"/>
    </capability>
    <capability namespace="osgi.wiring.package">
      <attribute name="osgi.wiring.package" value="com.nimbusds.oauth2.sdk.util"/>
      <attribute name="version" type="Version" value="5.17.1"/>
      <attribute name="bundle-symbolic-name" value="com.liferay.portal.security.sso.openid.connect.api"/>
      <attribute name="bundle-version" type="Version" value="1.0.3"/>
      <directive name="uses" value="com.nimbusds.oauth2.sdk,javax.mail.internet,net.jcip.annotations,net.minidev.json"/>
    </capability>
    <capability namespace="osgi.wiring.package">
      <attribute name="osgi.wiring.package" value="com.nimbusds.openid.connect.sdk"/>
      <attribute name="version" type="Version" value="5.17.1"/>
      <attribute name="bundle-symbolic-name" value="com.liferay.portal.security.sso.openid.connect.api"/>
      <attribute name="bundle-version" type="Version" value="1.0.3"/>
      <directive name="uses" value="com.nimbusds.jwt,com.nimbusds.langtag,com.nimbusds.oauth2.sdk,com.nimbusds.oauth2.sdk.http,com.nimbusds.oauth2.sdk.id,com.nimbusds.oauth2.sdk.pkce,com.nimbusds.oauth2.sdk.token,com.nimbusds.openid.connect.sdk.claims,com.nimbusds.openid.connect.sdk.token,javax.mail.internet,net.jcip.annotations,net.minidev.json"/>
    </capability>
    <capability namespace="osgi.wiring.package">
      <attribute name="osgi.wiring.package" value="com.nimbusds.openid.connect.sdk.claims"/>
      <attribute name="version" type="Version" value="5.17.1"/>
      <attribute name="bundle-symbolic-name" value="com.liferay.portal.security.sso.openid.connect.api"/>
      <attribute name="bundle-version" type="Version" value="1.0.3"/>
      <directive name="uses" value="com.nimbusds.jwt,com.nimbusds.langtag,com.nimbusds.oauth2.sdk,com.nimbusds.oauth2.sdk.id,com.nimbusds.oauth2.sdk.token,com.nimbusds.openid.connect.sdk,javax.mail.internet,net.jcip.annotations,net.minidev.json"/>
    </capability>
    <capability namespace="osgi.wiring.package">
      <attribute name="osgi.wiring.package" value="com.nimbusds.openid.connect.sdk.op"/>
      <attribute name="version" type="Version" value="5.17.1"/>
      <attribute name="bundle-symbolic-name" value="com.liferay.portal.security.sso.openid.connect.api"/>
      <attribute name="bundle-version" type="Version" value="1.0.3"/>
      <directive name="uses" value="com.nimbusds.jwt,com.nimbusds.langtag,com.nimbusds.oauth2.sdk,com.nimbusds.oauth2.sdk.auth,com.nimbusds.oauth2.sdk.http,com.nimbusds.oauth2.sdk.id,com.nimbusds.oauth2.sdk.pkce,com.nimbusds.openid.connect.sdk,com.nimbusds.openid.connect.sdk.claims,net.jcip.annotations,net.minidev.json"/>
    </capability>
    <capability namespace="osgi.wiring.package">
      <attribute name="osgi.wiring.package" value="com.nimbusds.openid.connect.sdk.token"/>
      <attribute name="version" type="Version" value="5.17.1"/>
      <attribute name="bundle-symbolic-name" value="com.liferay.portal.security.sso.openid.connect.api"/>
      <attribute name="bundle-version" type="Version" value="1.0.3"/>
      <directive name="uses" value="com.nimbusds.jwt,com.nimbusds.oauth2.sdk,com.nimbusds.oauth2.sdk.token,net.jcip.annotations,net.minidev.json"/>
    </capability>
    <capability namespace="osgi.wiring.package">
      <attribute name="osgi.wiring.package" value="net.jcip.annotations"/>
      <attribute name="version" type="Version" value="1.0.0"/>
      <attribute name="bundle-symbolic-name" value="com.liferay.portal.security.sso.openid.connect.api"/>
      <attribute name="bundle-version" type="Version" value="1.0.3"/>
    </capability>
    <capability namespace="osgi.wiring.package">
      <attribute name="osgi.wiring.package" value="net.minidev.json"/>
      <attribute name="version" type="Version" value="1.3.1"/>
      <attribute name="bundle-symbolic-name" value="com.liferay.portal.security.sso.openid.connect.api"/>
      <attribute name="bundle-version" type="Version" value="1.0.3"/>
      <directive name="uses" value="net.minidev.json.parser"/>
    </capability>
    <capability namespace="osgi.wiring.package">
      <attribute name="osgi.wiring.package" value="net.minidev.json.parser"/>
      <attribute name="version" type="Version" value="1.3.1"/>
      <attribute name="bundle-symbolic-name" value="com.liferay.portal.security.sso.openid.connect.api"/>
      <attribute name="bundle-version" type="Version" value="1.0.3"/>
      <directive name="uses" value="net.minidev.json"/>
    </capability>
    <capability namespace="liferay.resource.bundle">
      <attribute name="bundle.symbolic.name" value="com.liferay.portal.security.sso.openid.connect.api"/>
      <attribute name="resource.bundle.base.name" value="content.Language"/>
    </capability>
    <requirement namespace="osgi.wiring.package">
      <directive name="filter" value="(&amp;(osgi.wiring.package=aQute.bnd.annotation.metatype)(version&gt;=1.45.0)(!(version&gt;=2.0.0)))"/>
    </requirement>
    <requirement namespace="osgi.wiring.package">
      <directive name="filter" value="(&amp;(osgi.wiring.package=com.liferay.portal.configuration.metatype.annotations)(version&gt;=1.1.0)(!(version&gt;=2.0.0)))"/>
    </requirement>
    <requirement namespace="osgi.wiring.package">
      <directive name="filter" value="(&amp;(osgi.wiring.package=com.liferay.portal.kernel.exception)(version&gt;=7.2.0)(!(version&gt;=8.0.0)))"/>
    </requirement>
    <requirement namespace="osgi.wiring.package">
      <directive name="filter" value="(&amp;(osgi.wiring.package=com.nimbusds.langtag)(version&gt;=1.4.0)(!(version&gt;=2.0.0)))"/>
    </requirement>
    <requirement namespace="osgi.wiring.package">
      <directive name="filter" value="(&amp;(osgi.wiring.package=com.nimbusds.oauth2.sdk.assertions)(version&gt;=5.17.0)(!(version&gt;=6.0.0)))"/>
    </requirement>
    <requirement namespace="osgi.wiring.package">
      <directive name="filter" value="(&amp;(osgi.wiring.package=com.nimbusds.oauth2.sdk.pkce)(version&gt;=5.17.0)(!(version&gt;=6.0.0)))"/>
    </requirement>
    <requirement namespace="osgi.wiring.package">
      <directive name="filter" value="(&amp;(osgi.wiring.package=com.nimbusds.openid.connect.sdk.token)(version&gt;=5.17.0)(!(version&gt;=6.0.0)))"/>
    </requirement>
    <requirement namespace="osgi.wiring.package">
      <directive name="filter" value="(osgi.wiring.package=javax.crypto)"/>
    </requirement>
    <requirement namespace="osgi.wiring.package">
      <directive name="filter" value="(osgi.wiring.package=javax.crypto.spec)"/>
    </requirement>
    <requirement namespace="osgi.wiring.package">
      <directive name="filter" value="(osgi.wiring.package=javax.mail.internet)"/>
    </requirement>
    <requirement namespace="osgi.wiring.package">
      <directive name="filter" value="(osgi.wiring.package=javax.net)"/>
    </requirement>
    <requirement namespace="osgi.wiring.package">
      <directive name="filter" value="(osgi.wiring.package=javax.net.ssl)"/>
    </requirement>
    <requirement namespace="osgi.wiring.package">
      <directive name="filter" value="(&amp;(osgi.wiring.package=javax.servlet.http)(version&gt;=3.0.0)(!(version&gt;=4.0.0)))"/>
    </requirement>
    <requirement namespace="osgi.wiring.package">
      <directive name="filter" value="(osgi.wiring.package=javax.xml.namespace)"/>
    </requirement>
    <requirement namespace="osgi.wiring.package">
      <directive name="filter" value="(osgi.wiring.package=javax.xml.parsers)"/>
    </requirement>
    <requirement namespace="osgi.wiring.package">
      <directive name="filter" value="(&amp;(osgi.wiring.package=net.jcip.annotations)(version&gt;=1.0.0)(!(version&gt;=2.0.0)))"/>
    </requirement>
    <requirement namespace="osgi.wiring.package">
      <directive name="filter" value="(&amp;(osgi.wiring.package=net.minidev.json.parser)(version&gt;=1.3.0)(!(version&gt;=2.0.0)))"/>
    </requirement>
    <requirement namespace="osgi.wiring.package">
      <directive name="filter" value="(osgi.wiring.package=org.apache.commons.collections)"/>
    </requirement>
    <requirement namespace="osgi.wiring.package">
      <directive name="filter" value="(osgi.wiring.package=org.w3c.dom)"/>
    </requirement>
    <requirement namespace="osgi.wiring.package">
      <directive name="filter" value="(osgi.wiring.package=org.xml.sax)"/>
    </requirement>
    <requirement namespace="osgi.ee">
      <directive name="filter" value="(&amp;(osgi.ee=JavaSE)(version=1.8))"/>
    </requirement>
  </resource>
  <resource>
    <capability namespace="osgi.identity">
      <attribute name="osgi.identity" value="com.liferay.portal.security.sso.opensso.api"/>
      <attribute name="type" value="osgi.bundle"/>
      <attribute name="version" type="Version" value="2.0.1"/>
    </capability>
    <capability namespace="osgi.content">
      <attribute name="osgi.content" value="af45d32a3cfdad0f6e95095603ae43b041a98924cd8ee3f5112f5da9633e05f4"/>
      <attribute name="url" value="com.liferay.portal.security.sso.opensso.api-2.0.1.jar"/>
      <attribute name="size" type="Long" value="33349"/>
      <attribute name="mime" value="application/vnd.osgi.bundle"/>
    </capability>
    <capability namespace="osgi.wiring.bundle">
      <attribute name="osgi.wiring.bundle" value="com.liferay.portal.security.sso.opensso.api"/>
      <attribute name="bundle-version" type="Version" value="2.0.1"/>
    </capability>
    <capability namespace="osgi.wiring.host">
      <attribute name="osgi.wiring.host" value="com.liferay.portal.security.sso.opensso.api"/>
      <attribute name="bundle-version" type="Version" value="2.0.1"/>
    </capability>
    <capability namespace="osgi.wiring.package">
      <attribute name="osgi.wiring.package" value="com.liferay.portal.security.sso.opensso.configuration"/>
      <attribute name="version" type="Version" value="2.0.4"/>
      <attribute name="bundle-symbolic-name" value="com.liferay.portal.security.sso.opensso.api"/>
      <attribute name="bundle-version" type="Version" value="2.0.1"/>
      <directive name="uses" value="aQute.bnd.annotation.metatype,com.liferay.portal.configuration.metatype.annotations"/>
    </capability>
    <capability namespace="osgi.wiring.package">
      <attribute name="osgi.wiring.package" value="com.liferay.portal.security.sso.opensso.constants"/>
      <attribute name="version" type="Version" value="2.0.0"/>
      <attribute name="bundle-symbolic-name" value="com.liferay.portal.security.sso.opensso.api"/>
      <attribute name="bundle-version" type="Version" value="2.0.1"/>
    </capability>
    <capability namespace="liferay.resource.bundle">
      <attribute name="bundle.symbolic.name" value="com.liferay.portal.security.sso.opensso.api"/>
      <attribute name="resource.bundle.base.name" value="content.Language"/>
    </capability>
    <requirement namespace="osgi.wiring.package">
      <directive name="filter" value="(&amp;(osgi.wiring.package=aQute.bnd.annotation.metatype)(version&gt;=1.45.0)(!(version&gt;=2.0.0)))"/>
    </requirement>
    <requirement namespace="osgi.wiring.package">
      <directive name="filter" value="(&amp;(osgi.wiring.package=com.liferay.portal.configuration.metatype.annotations)(version&gt;=1.1.0)(!(version&gt;=2.0.0)))"/>
    </requirement>
    <requirement namespace="osgi.ee">
      <directive name="filter" value="(&amp;(osgi.ee=JavaSE)(version=1.7))"/>
    </requirement>
  </resource>
  <resource>
    <capability namespace="osgi.identity">
      <attribute name="osgi.identity" value="com.liferay.portal.security.sso.token.api"/>
      <attribute name="type" value="osgi.bundle"/>
      <attribute name="version" type="Version" value="2.0.0"/>
    </capability>
    <capability namespace="osgi.content">
      <attribute name="osgi.content" value="36e8d02ea745a01c75be9e4c00e6025f5039e302b86e3e9187b45d4412181968"/>
      <attribute name="url" value="com.liferay.portal.security.sso.token.api-2.0.0.jar"/>
      <attribute name="size" type="Long" value="5782"/>
      <attribute name="mime" value="application/vnd.osgi.bundle"/>
    </capability>
    <capability namespace="osgi.wiring.bundle">
      <attribute name="osgi.wiring.bundle" value="com.liferay.portal.security.sso.token.api"/>
      <attribute name="bundle-version" type="Version" value="2.0.0"/>
    </capability>
    <capability namespace="osgi.wiring.host">
      <attribute name="osgi.wiring.host" value="com.liferay.portal.security.sso.token.api"/>
      <attribute name="bundle-version" type="Version" value="2.0.0"/>
    </capability>
    <capability namespace="osgi.wiring.package">
      <attribute name="osgi.wiring.package" value="com.liferay.portal.security.sso.token.events"/>
      <attribute name="version" type="Version" value="2.0.0"/>
      <attribute name="bundle-symbolic-name" value="com.liferay.portal.security.sso.token.api"/>
      <attribute name="bundle-version" type="Version" value="2.0.0"/>
      <directive name="uses" value="javax.servlet.http"/>
    </capability>
    <capability namespace="osgi.wiring.package">
      <attribute name="osgi.wiring.package" value="com.liferay.portal.security.sso.token.security.auth"/>
      <attribute name="version" type="Version" value="2.0.0"/>
      <attribute name="bundle-symbolic-name" value="com.liferay.portal.security.sso.token.api"/>
      <attribute name="bundle-version" type="Version" value="2.0.0"/>
      <directive name="uses" value="javax.servlet.http"/>
    </capability>
    <requirement namespace="osgi.wiring.package">
      <directive name="filter" value="(&amp;(osgi.wiring.package=javax.servlet.http)(version&gt;=3.0.0)(!(version&gt;=4.0.0)))"/>
    </requirement>
    <requirement namespace="osgi.ee">
      <directive name="filter" value="(&amp;(osgi.ee=JavaSE)(version=1.7))"/>
    </requirement>
  </resource>
</repository>