<?xml version="1.0" encoding="utf-8"?>
<?xml-stylesheet href="http://www.osgi.org/www/obr2html.xsl" type="text/xsl"?>
<repository increment="1530635199610" name="Liferay Foundation - Liferay Portal Search - API" xmlns="http://www.osgi.org/xmlns/repository/v1.0.0">
  <resource>
    <capability namespace="osgi.identity">
      <attribute name="osgi.identity" value="com.liferay.portal.search.api"/>
      <attribute name="type" value="osgi.bundle"/>
      <attribute name="version" type="Version" value="2.0.5"/>
    </capability>
    <capability namespace="osgi.content">
      <attribute name="osgi.content" value="3bac013d27793ae6475715ce4faff9b93f979c70e9e47aa3869475def5746147"/>
      <attribute name="url" value="com.liferay.portal.search.api-2.0.5.jar"/>
      <attribute name="size" type="Long" value="150201"/>
      <attribute name="mime" value="application/vnd.osgi.bundle"/>
    </capability>
    <capability namespace="osgi.wiring.bundle">
      <attribute name="osgi.wiring.bundle" value="com.liferay.portal.search.api"/>
      <attribute name="bundle-version" type="Version" value="2.0.5"/>
    </capability>
    <capability namespace="osgi.wiring.host">
      <attribute name="osgi.wiring.host" value="com.liferay.portal.search.api"/>
      <attribute name="bundle-version" type="Version" value="2.0.5"/>
    </capability>
    <capability namespace="osgi.wiring.package">
      <attribute name="osgi.wiring.package" value="com.liferay.portal.search.analysis"/>
      <attribute name="version" type="Version" value="2.2.0"/>
      <attribute name="bundle-symbolic-name" value="com.liferay.portal.search.api"/>
      <attribute name="bundle-version" type="Version" value="2.0.5"/>
      <directive name="uses" value="com.liferay.portal.kernel.search,com.liferay.portal.kernel.search.analysis"/>
    </capability>
    <capability namespace="osgi.wiring.package">
      <attribute name="osgi.wiring.package" value="com.liferay.portal.search.batch"/>
      <attribute name="version" type="Version" value="1.0.0"/>
      <attribute name="bundle-symbolic-name" value="com.liferay.portal.search.api"/>
      <attribute name="bundle-version" type="Version" value="2.0.5"/>
      <directive name="uses" value="com.liferay.portal.kernel.dao.orm,com.liferay.portal.kernel.search"/>
    </capability>
    <capability namespace="osgi.wiring.package">
      <attribute name="osgi.wiring.package" value="com.liferay.portal.search.buffer"/>
      <attribute name="version" type="Version" value="2.1.0"/>
      <attribute name="bundle-symbolic-name" value="com.liferay.portal.search.api"/>
      <attribute name="bundle-version" type="Version" value="2.0.5"/>
      <directive name="uses" value="com.liferay.portal.kernel.model,com.liferay.portal.kernel.search,com.liferay.portal.kernel.search.filter,com.liferay.portal.kernel.security.permission,javax.portlet"/>
    </capability>
    <capability namespace="osgi.wiring.package">
      <attribute name="osgi.wiring.package" value="com.liferay.portal.search.configuration"/>
      <attribute name="version" type="Version" value="2.5.0"/>
      <attribute name="bundle-symbolic-name" value="com.liferay.portal.search.api"/>
      <attribute name="bundle-version" type="Version" value="2.0.5"/>
      <directive name="uses" value="aQute.bnd.annotation.metatype,com.liferay.portal.configuration.metatype.annotations"/>
    </capability>
    <capability namespace="osgi.wiring.package">
      <attribute name="osgi.wiring.package" value="com.liferay.portal.search.constants"/>
      <attribute name="version" type="Version" value="1.0.0"/>
      <attribute name="bundle-symbolic-name" value="com.liferay.portal.search.api"/>
      <attribute name="bundle-version" type="Version" value="2.0.5"/>
    </capability>
    <capability namespace="osgi.wiring.package">
      <attribute name="osgi.wiring.package" value="com.liferay.portal.search.contributor"/>
      <attribute name="version" type="Version" value="1.0.0"/>
      <attribute name="bundle-symbolic-name" value="com.liferay.portal.search.api"/>
      <attribute name="bundle-version" type="Version" value="2.0.5"/>
    </capability>
    <capability namespace="osgi.wiring.package">
      <attribute name="osgi.wiring.package" value="com.liferay.portal.search.contributor.sort"/>
      <attribute name="version" type="Version" value="1.0.0"/>
      <attribute name="bundle-symbolic-name" value="com.liferay.portal.search.api"/>
      <attribute name="bundle-version" type="Version" value="2.0.5"/>
    </capability>
    <capability namespace="osgi.wiring.package">
      <attribute name="osgi.wiring.package" value="com.liferay.portal.search.engine"/>
      <attribute name="version" type="Version" value="1.0.0"/>
      <attribute name="bundle-symbolic-name" value="com.liferay.portal.search.api"/>
      <attribute name="bundle-version" type="Version" value="2.0.5"/>
    </capability>
    <capability namespace="osgi.wiring.package">
      <attribute name="osgi.wiring.package" value="com.liferay.portal.search.facet"/>
      <attribute name="version" type="Version" value="1.1.0"/>
      <attribute name="bundle-symbolic-name" value="com.liferay.portal.search.api"/>
      <attribute name="bundle-version" type="Version" value="2.0.5"/>
      <directive name="uses" value="com.liferay.portal.kernel.search,com.liferay.portal.kernel.search.facet,com.liferay.portal.kernel.search.facet.util"/>
    </capability>
    <capability namespace="osgi.wiring.package">
      <attribute name="osgi.wiring.package" value="com.liferay.portal.search.facet.category"/>
      <attribute name="version" type="Version" value="1.0.0"/>
      <attribute name="bundle-symbolic-name" value="com.liferay.portal.search.api"/>
      <attribute name="bundle-version" type="Version" value="2.0.5"/>
      <directive name="uses" value="com.liferay.portal.search.facet"/>
    </capability>
    <capability namespace="osgi.wiring.package">
      <attribute name="osgi.wiring.package" value="com.liferay.portal.search.facet.custom"/>
      <attribute name="version" type="Version" value="1.0.0"/>
      <attribute name="bundle-symbolic-name" value="com.liferay.portal.search.api"/>
      <attribute name="bundle-version" type="Version" value="2.0.5"/>
      <directive name="uses" value="com.liferay.portal.search.facet"/>
    </capability>
    <capability namespace="osgi.wiring.package">
      <attribute name="osgi.wiring.package" value="com.liferay.portal.search.facet.folder"/>
      <attribute name="version" type="Version" value="1.0.0"/>
      <attribute name="bundle-symbolic-name" value="com.liferay.portal.search.api"/>
      <attribute name="bundle-version" type="Version" value="2.0.5"/>
      <directive name="uses" value="com.liferay.portal.search.facet"/>
    </capability>
    <capability namespace="osgi.wiring.package">
      <attribute name="osgi.wiring.package" value="com.liferay.portal.search.facet.modified"/>
      <attribute name="version" type="Version" value="1.0.0"/>
      <attribute name="bundle-symbolic-name" value="com.liferay.portal.search.api"/>
      <attribute name="bundle-version" type="Version" value="2.0.5"/>
      <directive name="uses" value="com.liferay.portal.search.facet"/>
    </capability>
    <capability namespace="osgi.wiring.package">
      <attribute name="osgi.wiring.package" value="com.liferay.portal.search.facet.site"/>
      <attribute name="version" type="Version" value="1.0.0"/>
      <attribute name="bundle-symbolic-name" value="com.liferay.portal.search.api"/>
      <attribute name="bundle-version" type="Version" value="2.0.5"/>
      <directive name="uses" value="com.liferay.portal.search.facet"/>
    </capability>
    <capability namespace="osgi.wiring.package">
      <attribute name="osgi.wiring.package" value="com.liferay.portal.search.facet.tag"/>
      <attribute name="version" type="Version" value="2.0.0"/>
      <attribute name="bundle-symbolic-name" value="com.liferay.portal.search.api"/>
      <attribute name="bundle-version" type="Version" value="2.0.5"/>
      <directive name="uses" value="com.liferay.portal.search.facet"/>
    </capability>
    <capability namespace="osgi.wiring.package">
      <attribute name="osgi.wiring.package" value="com.liferay.portal.search.facet.type"/>
      <attribute name="version" type="Version" value="1.0.0"/>
      <attribute name="bundle-symbolic-name" value="com.liferay.portal.search.api"/>
      <attribute name="bundle-version" type="Version" value="2.0.5"/>
      <directive name="uses" value="com.liferay.portal.search.facet"/>
    </capability>
    <capability namespace="osgi.wiring.package">
      <attribute name="osgi.wiring.package" value="com.liferay.portal.search.facet.user"/>
      <attribute name="version" type="Version" value="1.0.0"/>
      <attribute name="bundle-symbolic-name" value="com.liferay.portal.search.api"/>
      <attribute name="bundle-version" type="Version" value="2.0.5"/>
      <directive name="uses" value="com.liferay.portal.search.facet"/>
    </capability>
    <capability namespace="osgi.wiring.package">
      <attribute name="osgi.wiring.package" value="com.liferay.portal.search.filter"/>
      <attribute name="version" type="Version" value="1.0.0"/>
      <attribute name="bundle-symbolic-name" value="com.liferay.portal.search.api"/>
      <attribute name="bundle-version" type="Version" value="2.0.5"/>
      <directive name="uses" value="com.liferay.portal.kernel.search.filter"/>
    </capability>
    <capability namespace="osgi.wiring.package">
      <attribute name="osgi.wiring.package" value="com.liferay.portal.search.index"/>
      <attribute name="version" type="Version" value="3.2.0"/>
      <attribute name="bundle-symbolic-name" value="com.liferay.portal.search.api"/>
      <attribute name="bundle-version" type="Version" value="2.0.5"/>
      <directive name="uses" value="com.liferay.portal.kernel.search"/>
    </capability>
    <capability namespace="osgi.wiring.package">
      <attribute name="osgi.wiring.package" value="com.liferay.portal.search.indexer"/>
      <attribute name="version" type="Version" value="1.0.0"/>
      <attribute name="bundle-symbolic-name" value="com.liferay.portal.search.api"/>
      <attribute name="bundle-version" type="Version" value="2.0.5"/>
      <directive name="uses" value="com.liferay.portal.kernel.model,com.liferay.portal.kernel.search,com.liferay.portal.kernel.security.permission,com.liferay.portal.search.batch"/>
    </capability>
    <capability namespace="osgi.wiring.package">
      <attribute name="osgi.wiring.package" value="com.liferay.portal.search.permission"/>
      <attribute name="version" type="Version" value="1.1.0"/>
      <attribute name="bundle-symbolic-name" value="com.liferay.portal.search.api"/>
      <attribute name="bundle-version" type="Version" value="2.0.5"/>
      <directive name="uses" value="com.liferay.portal.kernel.model,com.liferay.portal.kernel.search"/>
    </capability>
    <capability namespace="osgi.wiring.package">
      <attribute name="osgi.wiring.package" value="com.liferay.portal.search.query"/>
      <attribute name="version" type="Version" value="1.0.0"/>
      <attribute name="bundle-symbolic-name" value="com.liferay.portal.search.api"/>
      <attribute name="bundle-version" type="Version" value="2.0.5"/>
      <directive name="uses" value="com.liferay.portal.kernel.search"/>
    </capability>
    <capability namespace="osgi.wiring.package">
      <attribute name="osgi.wiring.package" value="com.liferay.portal.search.sort"/>
      <attribute name="version" type="Version" value="1.0.0"/>
      <attribute name="bundle-symbolic-name" value="com.liferay.portal.search.api"/>
      <attribute name="bundle-version" type="Version" value="2.0.5"/>
    </capability>
    <capability namespace="osgi.wiring.package">
      <attribute name="osgi.wiring.package" value="com.liferay.portal.search.suggest"/>
      <attribute name="version" type="Version" value="1.1.0"/>
      <attribute name="bundle-symbolic-name" value="com.liferay.portal.search.api"/>
      <attribute name="bundle-version" type="Version" value="2.0.5"/>
      <directive name="uses" value="com.liferay.portal.kernel.search,com.liferay.portal.kernel.search.suggest,com.liferay.portal.kernel.service,com.liferay.portal.kernel.util"/>
    </capability>
    <capability namespace="osgi.wiring.package">
      <attribute name="osgi.wiring.package" value="com.liferay.portal.search.summary"/>
      <attribute name="version" type="Version" value="1.1.0"/>
      <attribute name="bundle-symbolic-name" value="com.liferay.portal.search.api"/>
      <attribute name="bundle-version" type="Version" value="2.0.5"/>
      <directive name="uses" value="com.liferay.portal.kernel.search"/>
    </capability>
    <capability namespace="liferay.resource.bundle">
      <attribute name="bundle.symbolic.name" value="com.liferay.portal.search.api"/>
      <attribute name="resource.bundle.base.name" value="content.Language"/>
    </capability>
    <requirement namespace="osgi.wiring.package">
      <directive name="filter" value="(&amp;(osgi.wiring.package=com.liferay.portal.kernel.search)(version&gt;=7.1.0)(!(version&gt;=8.0.0)))"/>
    </requirement>
    <requirement namespace="osgi.wiring.package">
      <directive name="filter" value="(&amp;(osgi.wiring.package=aQute.bnd.annotation.metatype)(version&gt;=1.45.0)(!(version&gt;=2.0.0)))"/>
    </requirement>
    <requirement namespace="osgi.wiring.package">
      <directive name="filter" value="(&amp;(osgi.wiring.package=com.liferay.petra.lang)(version&gt;=1.1.0)(!(version&gt;=2.0.0)))"/>
    </requirement>
    <requirement namespace="osgi.wiring.package">
      <directive name="filter" value="(&amp;(osgi.wiring.package=com.liferay.petra.nio)(version&gt;=1.0.0)(!(version&gt;=2.0.0)))"/>
    </requirement>
    <requirement namespace="osgi.wiring.package">
      <directive name="filter" value="(&amp;(osgi.wiring.package=com.liferay.portal.configuration.metatype.annotations)(version&gt;=1.1.0)(!(version&gt;=2.0.0)))"/>
    </requirement>
    <requirement namespace="osgi.wiring.package">
      <directive name="filter" value="(&amp;(osgi.wiring.package=com.liferay.portal.kernel.configuration)(version&gt;=6.2.0)(!(version&gt;=7.0.0)))"/>
    </requirement>
    <requirement namespace="osgi.wiring.package">
      <directive name="filter" value="(&amp;(osgi.wiring.package=com.liferay.portal.kernel.dao.orm)(version&gt;=7.3.0)(!(version&gt;=8.0.0)))"/>
    </requirement>
    <requirement namespace="osgi.wiring.package">
      <directive name="filter" value="(&amp;(osgi.wiring.package=com.liferay.portal.kernel.log)(version&gt;=7.0.0)(!(version&gt;=8.0.0)))"/>
    </requirement>
    <requirement namespace="osgi.wiring.package">
      <directive name="filter" value="(&amp;(osgi.wiring.package=com.liferay.portal.kernel.messaging.proxy)(version&gt;=7.1.0)(!(version&gt;=8.0.0)))"/>
    </requirement>
    <requirement namespace="osgi.wiring.package">
      <directive name="filter" value="(&amp;(osgi.wiring.package=com.liferay.portal.kernel.model)(version&gt;=2.0.0)(!(version&gt;=3.0.0)))"/>
    </requirement>
    <requirement namespace="osgi.wiring.package">
      <directive name="filter" value="(&amp;(osgi.wiring.package=com.liferay.portal.kernel.search.analysis)(version&gt;=1.0.0)(!(version&gt;=2.0.0)))"/>
    </requirement>
    <requirement namespace="osgi.wiring.package">
      <directive name="filter" value="(&amp;(osgi.wiring.package=com.liferay.portal.kernel.search.facet)(version&gt;=7.1.0)(!(version&gt;=8.0.0)))"/>
    </requirement>
    <requirement namespace="osgi.wiring.package">
      <directive name="filter" value="(&amp;(osgi.wiring.package=com.liferay.portal.kernel.search.facet.util)(version&gt;=6.3.0)(!(version&gt;=7.0.0)))"/>
    </requirement>
    <requirement namespace="osgi.wiring.package">
      <directive name="filter" value="(&amp;(osgi.wiring.package=com.liferay.portal.kernel.search.filter)(version&gt;=1.0.0)(!(version&gt;=2.0.0)))"/>
    </requirement>
    <requirement namespace="osgi.wiring.package">
      <directive name="filter" value="(&amp;(osgi.wiring.package=com.liferay.portal.kernel.search.suggest)(version&gt;=1.0.0)(!(version&gt;=2.0.0)))"/>
    </requirement>
    <requirement namespace="osgi.wiring.package">
      <directive name="filter" value="(&amp;(osgi.wiring.package=com.liferay.portal.kernel.security.permission)(version&gt;=1.7.0)(!(version&gt;=2.0.0)))"/>
    </requirement>
    <requirement namespace="osgi.wiring.package">
      <directive name="filter" value="(&amp;(osgi.wiring.package=com.liferay.portal.kernel.service)(version&gt;=1.27.0)(!(version&gt;=2.0.0)))"/>
    </requirement>
    <requirement namespace="osgi.wiring.package">
      <directive name="filter" value="(&amp;(osgi.wiring.package=com.liferay.portal.kernel.util)(version&gt;=8.0.0)(!(version&gt;=9.0.0)))"/>
    </requirement>
    <requirement namespace="osgi.wiring.package">
      <directive name="filter" value="(&amp;(osgi.wiring.package=com.liferay.portal.search.batch)(version&gt;=1.0.0)(!(version&gt;=2.0.0)))"/>
    </requirement>
    <requirement namespace="osgi.wiring.package">
      <directive name="filter" value="(&amp;(osgi.wiring.package=com.liferay.portal.search.facet)(version&gt;=1.1.0)(!(version&gt;=2.0.0)))"/>
    </requirement>
    <requirement namespace="osgi.wiring.package">
      <directive name="filter" value="(osgi.wiring.package=javax.portlet)"/>
    </requirement>
    <requirement namespace="osgi.wiring.package">
      <directive name="filter" value="(&amp;(osgi.wiring.package=org.apache.commons.lang)(version&gt;=2.6.0)(!(version&gt;=3.0.0)))"/>
    </requirement>
    <requirement namespace="osgi.contract">
      <attribute name="osgi.contract" value="JavaPortlet"/>
      <directive name="filter" value="(&amp;(osgi.contract=JavaPortlet)(version=3.0.0))"/>
    </requirement>
    <requirement namespace="osgi.ee">
      <directive name="filter" value="(&amp;(osgi.ee=JavaSE)(version=1.8))"/>
    </requirement>
  </resource>
  <resource>
    <capability namespace="osgi.identity">
      <attribute name="osgi.identity" value="com.liferay.portal.search.engine.adapter.api"/>
      <attribute name="type" value="osgi.bundle"/>
      <attribute name="version" type="Version" value="1.0.1"/>
    </capability>
    <capability namespace="osgi.content">
      <attribute name="osgi.content" value="86a9c3350657004f1a8cb35abde21c8995eebe27228805a50e2ba9f360eecff3"/>
      <attribute name="url" value="com.liferay.portal.search.engine.adapter.api-1.0.1.jar"/>
      <attribute name="size" type="Long" value="38034"/>
      <attribute name="mime" value="application/vnd.osgi.bundle"/>
    </capability>
    <capability namespace="osgi.wiring.bundle">
      <attribute name="osgi.wiring.bundle" value="com.liferay.portal.search.engine.adapter.api"/>
      <attribute name="bundle-version" type="Version" value="1.0.1"/>
    </capability>
    <capability namespace="osgi.wiring.host">
      <attribute name="osgi.wiring.host" value="com.liferay.portal.search.engine.adapter.api"/>
      <attribute name="bundle-version" type="Version" value="1.0.1"/>
    </capability>
    <capability namespace="osgi.wiring.package">
      <attribute name="osgi.wiring.package" value="com.liferay.portal.search.engine.adapter"/>
      <attribute name="version" type="Version" value="1.0.0"/>
      <attribute name="bundle-symbolic-name" value="com.liferay.portal.search.engine.adapter.api"/>
      <attribute name="bundle-version" type="Version" value="1.0.1"/>
      <directive name="uses" value="com.liferay.portal.search.engine.adapter.cluster,com.liferay.portal.search.engine.adapter.document,com.liferay.portal.search.engine.adapter.index,com.liferay.portal.search.engine.adapter.search"/>
    </capability>
    <capability namespace="osgi.wiring.package">
      <attribute name="osgi.wiring.package" value="com.liferay.portal.search.engine.adapter.cluster"/>
      <attribute name="version" type="Version" value="1.0.0"/>
      <attribute name="bundle-symbolic-name" value="com.liferay.portal.search.engine.adapter.api"/>
      <attribute name="bundle-version" type="Version" value="1.0.1"/>
    </capability>
    <capability namespace="osgi.wiring.package">
      <attribute name="osgi.wiring.package" value="com.liferay.portal.search.engine.adapter.document"/>
      <attribute name="version" type="Version" value="1.0.0"/>
      <attribute name="bundle-symbolic-name" value="com.liferay.portal.search.engine.adapter.api"/>
      <attribute name="bundle-version" type="Version" value="1.0.1"/>
      <directive name="uses" value="com.liferay.portal.kernel.json,com.liferay.portal.kernel.search"/>
    </capability>
    <capability namespace="osgi.wiring.package">
      <attribute name="osgi.wiring.package" value="com.liferay.portal.search.engine.adapter.index"/>
      <attribute name="version" type="Version" value="1.0.0"/>
      <attribute name="bundle-symbolic-name" value="com.liferay.portal.search.engine.adapter.api"/>
      <attribute name="bundle-version" type="Version" value="1.0.1"/>
    </capability>
    <capability namespace="osgi.wiring.package">
      <attribute name="osgi.wiring.package" value="com.liferay.portal.search.engine.adapter.search"/>
      <attribute name="version" type="Version" value="1.0.0"/>
      <attribute name="bundle-symbolic-name" value="com.liferay.portal.search.engine.adapter.api"/>
      <attribute name="bundle-version" type="Version" value="1.0.1"/>
      <directive name="uses" value="com.liferay.portal.kernel.search,com.liferay.portal.kernel.search.facet,com.liferay.portal.kernel.search.filter"/>
    </capability>
    <requirement namespace="osgi.wiring.package">
      <directive name="filter" value="(&amp;(osgi.wiring.package=com.liferay.portal.kernel.search)(version&gt;=7.1.0)(!(version&gt;=8.0.0)))"/>
    </requirement>
    <requirement namespace="osgi.wiring.package">
      <directive name="filter" value="(&amp;(osgi.wiring.package=com.liferay.portal.kernel.json)(version&gt;=7.0.0)(!(version&gt;=8.0.0)))"/>
    </requirement>
    <requirement namespace="osgi.wiring.package">
      <directive name="filter" value="(&amp;(osgi.wiring.package=com.liferay.portal.kernel.search.facet)(version&gt;=7.1.0)(!(version&gt;=8.0.0)))"/>
    </requirement>
    <requirement namespace="osgi.wiring.package">
      <directive name="filter" value="(&amp;(osgi.wiring.package=com.liferay.portal.kernel.search.filter)(version&gt;=1.0.0)(!(version&gt;=2.0.0)))"/>
    </requirement>
    <requirement namespace="osgi.wiring.package">
      <directive name="filter" value="(&amp;(osgi.wiring.package=com.liferay.portal.search.engine.adapter.cluster)(version&gt;=1.0.0)(!(version&gt;=1.1.0)))"/>
    </requirement>
    <requirement namespace="osgi.wiring.package">
      <directive name="filter" value="(&amp;(osgi.wiring.package=com.liferay.portal.search.engine.adapter.document)(version&gt;=1.0.0)(!(version&gt;=1.1.0)))"/>
    </requirement>
    <requirement namespace="osgi.wiring.package">
      <directive name="filter" value="(&amp;(osgi.wiring.package=com.liferay.portal.search.engine.adapter.index)(version&gt;=1.0.0)(!(version&gt;=1.1.0)))"/>
    </requirement>
    <requirement namespace="osgi.wiring.package">
      <directive name="filter" value="(&amp;(osgi.wiring.package=com.liferay.portal.search.engine.adapter.search)(version&gt;=1.0.0)(!(version&gt;=1.1.0)))"/>
    </requirement>
    <requirement namespace="osgi.ee">
      <directive name="filter" value="(&amp;(osgi.ee=JavaSE)(version=1.8))"/>
    </requirement>
  </resource>
  <resource>
    <capability namespace="osgi.identity">
      <attribute name="osgi.identity" value="com.liferay.portal.search.spi"/>
      <attribute name="type" value="osgi.bundle"/>
      <attribute name="version" type="Version" value="2.0.0"/>
    </capability>
    <capability namespace="osgi.content">
      <attribute name="osgi.content" value="5022bb045963ea053baa418f3b25ce3d1e711563985b257be60ff3d11a750dbb"/>
      <attribute name="url" value="com.liferay.portal.search.spi-2.0.0.jar"/>
      <attribute name="size" type="Long" value="18538"/>
      <attribute name="mime" value="application/vnd.osgi.bundle"/>
    </capability>
    <capability namespace="osgi.wiring.bundle">
      <attribute name="osgi.wiring.bundle" value="com.liferay.portal.search.spi"/>
      <attribute name="bundle-version" type="Version" value="2.0.0"/>
    </capability>
    <capability namespace="osgi.wiring.host">
      <attribute name="osgi.wiring.host" value="com.liferay.portal.search.spi"/>
      <attribute name="bundle-version" type="Version" value="2.0.0"/>
    </capability>
    <capability namespace="osgi.wiring.package">
      <attribute name="osgi.wiring.package" value="com.liferay.portal.search.spi.model.index.contributor"/>
      <attribute name="version" type="Version" value="1.0.0"/>
      <attribute name="bundle-symbolic-name" value="com.liferay.portal.search.spi"/>
      <attribute name="bundle-version" type="Version" value="2.0.0"/>
      <directive name="uses" value="com.liferay.expando.kernel.model,com.liferay.portal.kernel.model,com.liferay.portal.kernel.search,com.liferay.portal.search.batch,com.liferay.portal.search.spi.model.index.contributor.helper"/>
    </capability>
    <capability namespace="osgi.wiring.package">
      <attribute name="osgi.wiring.package" value="com.liferay.portal.search.spi.model.index.contributor.helper"/>
      <attribute name="version" type="Version" value="1.0.0"/>
      <attribute name="bundle-symbolic-name" value="com.liferay.portal.search.spi"/>
      <attribute name="bundle-version" type="Version" value="2.0.0"/>
      <directive name="uses" value="com.liferay.portal.kernel.model,com.liferay.portal.kernel.search"/>
    </capability>
    <capability namespace="osgi.wiring.package">
      <attribute name="osgi.wiring.package" value="com.liferay.portal.search.spi.model.query.contributor"/>
      <attribute name="version" type="Version" value="1.1.0"/>
      <attribute name="bundle-symbolic-name" value="com.liferay.portal.search.spi"/>
      <attribute name="bundle-version" type="Version" value="2.0.0"/>
      <directive name="uses" value="com.liferay.portal.kernel.search,com.liferay.portal.kernel.search.filter,com.liferay.portal.search.spi.model.query.contributor.helper,com.liferay.portal.search.spi.model.registrar"/>
    </capability>
    <capability namespace="osgi.wiring.package">
      <attribute name="osgi.wiring.package" value="com.liferay.portal.search.spi.model.query.contributor.helper"/>
      <attribute name="version" type="Version" value="1.1.0"/>
      <attribute name="bundle-symbolic-name" value="com.liferay.portal.search.spi"/>
      <attribute name="bundle-version" type="Version" value="2.0.0"/>
      <directive name="uses" value="com.liferay.portal.kernel.search"/>
    </capability>
    <capability namespace="osgi.wiring.package">
      <attribute name="osgi.wiring.package" value="com.liferay.portal.search.spi.model.registrar"/>
      <attribute name="version" type="Version" value="1.0.0"/>
      <attribute name="bundle-symbolic-name" value="com.liferay.portal.search.spi"/>
      <attribute name="bundle-version" type="Version" value="2.0.0"/>
      <directive name="uses" value="com.liferay.portal.kernel.model,com.liferay.portal.search.spi.model.index.contributor,com.liferay.portal.search.spi.model.query.contributor,com.liferay.portal.search.spi.model.registrar.contributor,com.liferay.portal.search.spi.model.result.contributor,org.osgi.framework"/>
    </capability>
    <capability namespace="osgi.wiring.package">
      <attribute name="osgi.wiring.package" value="com.liferay.portal.search.spi.model.registrar.contributor"/>
      <attribute name="version" type="Version" value="1.0.0"/>
      <attribute name="bundle-symbolic-name" value="com.liferay.portal.search.spi"/>
      <attribute name="bundle-version" type="Version" value="2.0.0"/>
      <directive name="uses" value="com.liferay.portal.search.spi.model.registrar"/>
    </capability>
    <capability namespace="osgi.wiring.package">
      <attribute name="osgi.wiring.package" value="com.liferay.portal.search.spi.model.result.contributor"/>
      <attribute name="version" type="Version" value="1.0.0"/>
      <attribute name="bundle-symbolic-name" value="com.liferay.portal.search.spi"/>
      <attribute name="bundle-version" type="Version" value="2.0.0"/>
      <directive name="uses" value="com.liferay.portal.kernel.search"/>
    </capability>
    <requirement namespace="osgi.wiring.package">
      <directive name="filter" value="(&amp;(osgi.wiring.package=com.liferay.portal.kernel.search)(version&gt;=7.1.0)(!(version&gt;=8.0.0)))"/>
    </requirement>
    <requirement namespace="osgi.wiring.package">
      <directive name="filter" value="(&amp;(osgi.wiring.package=com.liferay.expando.kernel.model)(version&gt;=1.1.0)(!(version&gt;=2.0.0)))"/>
    </requirement>
    <requirement namespace="osgi.wiring.package">
      <directive name="filter" value="(&amp;(osgi.wiring.package=com.liferay.portal.kernel.model)(version&gt;=2.0.0)(!(version&gt;=3.0.0)))"/>
    </requirement>
    <requirement namespace="osgi.wiring.package">
      <directive name="filter" value="(&amp;(osgi.wiring.package=com.liferay.portal.kernel.search.filter)(version&gt;=1.0.0)(!(version&gt;=2.0.0)))"/>
    </requirement>
    <requirement namespace="osgi.wiring.package">
      <directive name="filter" value="(&amp;(osgi.wiring.package=com.liferay.portal.search.batch)(version&gt;=1.0.0)(!(version&gt;=2.0.0)))"/>
    </requirement>
    <requirement namespace="osgi.wiring.package">
      <directive name="filter" value="(&amp;(osgi.wiring.package=com.liferay.portal.search.spi.model.index.contributor)(version&gt;=1.0.0)(!(version&gt;=2.0.0)))"/>
    </requirement>
    <requirement namespace="osgi.wiring.package">
      <directive name="filter" value="(&amp;(osgi.wiring.package=com.liferay.portal.search.spi.model.index.contributor.helper)(version&gt;=1.0.0)(!(version&gt;=2.0.0)))"/>
    </requirement>
    <requirement namespace="osgi.wiring.package">
      <directive name="filter" value="(&amp;(osgi.wiring.package=com.liferay.portal.search.spi.model.query.contributor)(version&gt;=1.1.0)(!(version&gt;=2.0.0)))"/>
    </requirement>
    <requirement namespace="osgi.wiring.package">
      <directive name="filter" value="(&amp;(osgi.wiring.package=com.liferay.portal.search.spi.model.query.contributor.helper)(version&gt;=1.1.0)(!(version&gt;=2.0.0)))"/>
    </requirement>
    <requirement namespace="osgi.wiring.package">
      <directive name="filter" value="(&amp;(osgi.wiring.package=com.liferay.portal.search.spi.model.registrar)(version&gt;=1.0.0)(!(version&gt;=2.0.0)))"/>
    </requirement>
    <requirement namespace="osgi.wiring.package">
      <directive name="filter" value="(&amp;(osgi.wiring.package=com.liferay.portal.search.spi.model.registrar.contributor)(version&gt;=1.0.0)(!(version&gt;=2.0.0)))"/>
    </requirement>
    <requirement namespace="osgi.wiring.package">
      <directive name="filter" value="(&amp;(osgi.wiring.package=com.liferay.portal.search.spi.model.result.contributor)(version&gt;=1.0.0)(!(version&gt;=2.0.0)))"/>
    </requirement>
    <requirement namespace="osgi.wiring.package">
      <directive name="filter" value="(&amp;(osgi.wiring.package=org.osgi.framework)(version&gt;=1.8.0)(!(version&gt;=2.0.0)))"/>
    </requirement>
    <requirement namespace="osgi.ee">
      <directive name="filter" value="(&amp;(osgi.ee=JavaSE)(version=1.8))"/>
    </requirement>
  </resource>
  <resource>
    <capability namespace="osgi.identity">
      <attribute name="osgi.identity" value="com.liferay.portal.search.web.api"/>
      <attribute name="type" value="osgi.bundle"/>
      <attribute name="version" type="Version" value="2.0.2"/>
    </capability>
    <capability namespace="osgi.content">
      <attribute name="osgi.content" value="6140003860b837b036374b6ec3ef71ff3bb8c9a8f6b608668ae343a550c9fa64"/>
      <attribute name="url" value="com.liferay.portal.search.web.api-2.0.2.jar"/>
      <attribute name="size" type="Long" value="21007"/>
      <attribute name="mime" value="application/vnd.osgi.bundle"/>
    </capability>
    <capability namespace="osgi.wiring.bundle">
      <attribute name="osgi.wiring.bundle" value="com.liferay.portal.search.web.api"/>
      <attribute name="bundle-version" type="Version" value="2.0.2"/>
    </capability>
    <capability namespace="osgi.wiring.host">
      <attribute name="osgi.wiring.host" value="com.liferay.portal.search.web.api"/>
      <attribute name="bundle-version" type="Version" value="2.0.2"/>
    </capability>
    <capability namespace="osgi.wiring.package">
      <attribute name="osgi.wiring.package" value="com.liferay.portal.search.web.constants"/>
      <attribute name="version" type="Version" value="1.0.0"/>
      <attribute name="bundle-symbolic-name" value="com.liferay.portal.search.web.api"/>
      <attribute name="bundle-version" type="Version" value="2.0.2"/>
    </capability>
    <capability namespace="osgi.wiring.package">
      <attribute name="osgi.wiring.package" value="com.liferay.portal.search.web.facet"/>
      <attribute name="version" type="Version" value="1.1.0"/>
      <attribute name="bundle-symbolic-name" value="com.liferay.portal.search.web.api"/>
      <attribute name="bundle-version" type="Version" value="2.0.2"/>
      <directive name="uses" value="com.liferay.portal.kernel.json,com.liferay.portal.kernel.search,com.liferay.portal.kernel.search.facet,com.liferay.portal.kernel.search.facet.config,com.liferay.portal.kernel.search.facet.util,javax.portlet,javax.servlet,javax.servlet.http"/>
    </capability>
    <capability namespace="osgi.wiring.package">
      <attribute name="osgi.wiring.package" value="com.liferay.portal.search.web.facet.util.comparator"/>
      <attribute name="version" type="Version" value="1.0.0"/>
      <attribute name="bundle-symbolic-name" value="com.liferay.portal.search.web.api"/>
      <attribute name="bundle-version" type="Version" value="2.0.2"/>
      <directive name="uses" value="com.liferay.portal.search.web.facet"/>
    </capability>
    <capability namespace="osgi.wiring.package">
      <attribute name="osgi.wiring.package" value="com.liferay.portal.search.web.layout.prototype"/>
      <attribute name="version" type="Version" value="1.0.0"/>
      <attribute name="bundle-symbolic-name" value="com.liferay.portal.search.web.api"/>
      <attribute name="bundle-version" type="Version" value="2.0.2"/>
      <directive name="uses" value="com.liferay.portal.kernel.model"/>
    </capability>
    <capability namespace="osgi.wiring.package">
      <attribute name="osgi.wiring.package" value="com.liferay.portal.search.web.portlet.shared.search"/>
      <attribute name="version" type="Version" value="2.0.0"/>
      <attribute name="bundle-symbolic-name" value="com.liferay.portal.search.web.api"/>
      <attribute name="bundle-version" type="Version" value="2.0.2"/>
      <directive name="uses" value="com.liferay.portal.kernel.theme,com.liferay.portal.search.web.search.request,javax.portlet"/>
    </capability>
    <capability namespace="osgi.wiring.package">
      <attribute name="osgi.wiring.package" value="com.liferay.portal.search.web.portlet.shared.task"/>
      <attribute name="version" type="Version" value="1.0.0"/>
      <attribute name="bundle-symbolic-name" value="com.liferay.portal.search.web.api"/>
      <attribute name="bundle-version" type="Version" value="2.0.2"/>
      <directive name="uses" value="javax.portlet"/>
    </capability>
    <capability namespace="osgi.wiring.package">
      <attribute name="osgi.wiring.package" value="com.liferay.portal.search.web.search.request"/>
      <attribute name="version" type="Version" value="2.0.0"/>
      <attribute name="bundle-symbolic-name" value="com.liferay.portal.search.web.api"/>
      <attribute name="bundle-version" type="Version" value="2.0.2"/>
      <directive name="uses" value="com.liferay.portal.kernel.search,com.liferay.portal.kernel.search.facet"/>
    </capability>
    <capability namespace="osgi.wiring.package">
      <attribute name="osgi.wiring.package" value="com.liferay.portal.search.web.search.result"/>
      <attribute name="version" type="Version" value="1.0.0"/>
      <attribute name="bundle-symbolic-name" value="com.liferay.portal.search.web.api"/>
      <attribute name="bundle-version" type="Version" value="2.0.2"/>
    </capability>
    <requirement namespace="osgi.wiring.package">
      <directive name="filter" value="(&amp;(osgi.wiring.package=com.liferay.portal.kernel.json)(version&gt;=7.0.0)(!(version&gt;=8.0.0)))"/>
    </requirement>
    <requirement namespace="osgi.wiring.package">
      <directive name="filter" value="(&amp;(osgi.wiring.package=com.liferay.portal.kernel.log)(version&gt;=7.0.0)(!(version&gt;=8.0.0)))"/>
    </requirement>
    <requirement namespace="osgi.wiring.package">
      <directive name="filter" value="(&amp;(osgi.wiring.package=com.liferay.portal.kernel.model)(version&gt;=2.0.0)(!(version&gt;=3.0.0)))"/>
    </requirement>
    <requirement namespace="osgi.wiring.package">
      <directive name="filter" value="(&amp;(osgi.wiring.package=com.liferay.portal.kernel.search)(version&gt;=7.6.0)(!(version&gt;=8.0.0)))"/>
    </requirement>
    <requirement namespace="osgi.wiring.package">
      <directive name="filter" value="(&amp;(osgi.wiring.package=com.liferay.portal.kernel.search.facet)(version&gt;=7.1.0)(!(version&gt;=8.0.0)))"/>
    </requirement>
    <requirement namespace="osgi.wiring.package">
      <directive name="filter" value="(&amp;(osgi.wiring.package=com.liferay.portal.kernel.search.facet.config)(version&gt;=7.0.0)(!(version&gt;=8.0.0)))"/>
    </requirement>
    <requirement namespace="osgi.wiring.package">
      <directive name="filter" value="(&amp;(osgi.wiring.package=com.liferay.portal.kernel.search.facet.util)(version&gt;=6.3.0)(!(version&gt;=7.0.0)))"/>
    </requirement>
    <requirement namespace="osgi.wiring.package">
      <directive name="filter" value="(&amp;(osgi.wiring.package=com.liferay.portal.kernel.theme)(version&gt;=1.6.0)(!(version&gt;=2.0.0)))"/>
    </requirement>
    <requirement namespace="osgi.wiring.package">
      <directive name="filter" value="(&amp;(osgi.wiring.package=com.liferay.portal.kernel.util)(version&gt;=8.0.0)(!(version&gt;=9.0.0)))"/>
    </requirement>
    <requirement namespace="osgi.wiring.package">
      <directive name="filter" value="(&amp;(osgi.wiring.package=com.liferay.portal.search.facet)(version&gt;=1.1.0)(!(version&gt;=2.0.0)))"/>
    </requirement>
    <requirement namespace="osgi.wiring.package">
      <directive name="filter" value="(&amp;(osgi.wiring.package=com.liferay.portal.search.web.facet)(version&gt;=1.1.0)(!(version&gt;=2.0.0)))"/>
    </requirement>
    <requirement namespace="osgi.wiring.package">
      <directive name="filter" value="(&amp;(osgi.wiring.package=com.liferay.portal.search.web.search.request)(version&gt;=2.0.0)(!(version&gt;=2.1.0)))"/>
    </requirement>
    <requirement namespace="osgi.wiring.package">
      <directive name="filter" value="(osgi.wiring.package=javax.portlet)"/>
    </requirement>
    <requirement namespace="osgi.wiring.package">
      <directive name="filter" value="(&amp;(osgi.wiring.package=javax.servlet)(version&gt;=3.0.0)(!(version&gt;=4.0.0)))"/>
    </requirement>
    <requirement namespace="osgi.wiring.package">
      <directive name="filter" value="(&amp;(osgi.wiring.package=javax.servlet.http)(version&gt;=3.0.0)(!(version&gt;=4.0.0)))"/>
    </requirement>
    <requirement namespace="osgi.contract">
      <attribute name="osgi.contract" value="JavaPortlet"/>
      <directive name="filter" value="(&amp;(osgi.contract=JavaPortlet)(version=3.0.0))"/>
    </requirement>
    <requirement namespace="osgi.ee">
      <directive name="filter" value="(&amp;(osgi.ee=JavaSE)(version=1.8))"/>
    </requirement>
  </resource>
</repository>